{
   "name": "Lighthouse Dispenser View",
   "tabs": [
      {
         "title": "Touch Keys",
         "erds": [
            {
               "namespace": "Lighthouse-Dispenser",
               "displayName": "System Keys",
               "name": "Erd_KeyStatusWord",
               "read": true,
               "write": false,
               "interval": 250
            },
            {
               "namespace": "Lighthouse-Dispenser",
               "displayName": "Hardware Keys",
               "name": "Erd_HardwareKeyStatusWord",
               "read": true,
               "write": false,
               "interval": 500
            },
            {
               "namespace": "Lighthouse-Dispenser",
               "displayName": "Automation Keys",
               "name": "Erd_AutomationKeyStatusWord",
               "read": true,
               "write": true,
               "interval": 1000
            },
            {
               "namespace": "Lighthouse-Dispenser",
               "displayName": "Source Selector",
               "name": "Erd_KeyStatusWordSourceSelector",
               "read": true,
               "write": true,
               "interval": 1000
            },
            {
               "namespace": "Lighthouse-Dispenser",
               "displayName": "Reset",
               "name": "Erd_Reset",
               "read": true,
               "write": true,
               "interval": 3000
            },
            {
               "namespace": "Lighthouse-Dispenser",
               "displayName": "Reset Counts",
               "name": "Erd_ResetCount",
               "read": true,
               "write": true,
               "interval": 3000
            },
            {
               "namespace": "Lighthouse-Dispenser",
               "displayName": "SoftKeyEvent",
               "name": "Erd_SoftKeyEvent",
               "read": true,
               "write": true,
               "interval": 1000
            },
            {
               "namespace": "Lighthouse-Dispenser",
               "displayName": "CupSwitchEvent",
               "name": "Erd_CupSwitchEvent",
               "read": true,
               "write": true,
               "interval": 1000
            }
         ]
      },
      {
         "title": "Cap Touch Debug",
         "erds": [
            {
               "namespace": "Lighthouse-Dispenser",
               "displayName": "Counts",
               "name": "Erd_CapTouchDebugRawCounts",
               "read": true,
               "write": false,
               "interval": 250
            },
            {
               "namespace": "Lighthouse-Dispenser",
               "displayName": "Baseline Counts",
               "name": "Erd_CapTouchDebugCounts",
               "read": true,
               "write": false,
               "interval": 250
            },
            {
               "namespace": "Lighthouse-Dispenser",
               "displayName": "Thresholds",
               "name": "Erd_CapTouchDebugDeltas",
               "read": true,
               "write": true,
               "interval": 250
            },
            {
               "namespace": "Lighthouse-Dispenser",
               "displayName": "Diagnostic Result",
               "name": "Erd_CapTouchDiagnosticsResult",
               "read": true,
               "write": true,
               "interval": 250
            }
         ]
      },
      {
         "title": "Dispense",
         "erds": [
            {
               "namespace": "Lighthouse-Dispenser",
               "displayName": "Dispense Hsm State",
               "name": "Erd_DispenseControllerHsmState",
               "read": true,
               "write": false,
               "interval": 500
            },
            {
               "namespace": "Lighthouse-Dispenser",
               "displayName": "MainBoard SignOfLife",
               "name": "Erd_MainBoardSignOfLife",
               "read": true,
               "write": true,
               "interval": 1000
            },
            {
               "namespace": "Lighthouse-Dispenser",
               "displayName": "Dispense Selection | MainBoard Status",
               "name": "Erd_DispenseSelectionStatus",
               "read": true,
               "write": true,
               "interval": 1000
            },
            {
               "namespace": "Lighthouse-Dispenser",
               "displayName": "Dispense Selection | Ui Request",
               "name": "Erd_DispenseSelectionRequest",
               "read": true,
               "write": true,
               "interval": 1000
            },
            {
               "namespace": "Lighthouse-Dispenser",
               "displayName": "Dispensing Request | Mainboard Status",
               "name": "Erd_ConsumerDispensingRequestStatus",
               "read": true,
               "write": true,
               "interval": 1000
            },
            {
               "namespace": "Lighthouse-Dispenser",
               "displayName": "Dispensing Request | Ui Request",
               "name": "Erd_ConsumerDispensingRequest",
               "read": true,
               "write": true,
               "interval": 1000
            },
            {
               "namespace": "Lighthouse-Dispenser",
               "displayName": "DuctDoorProfilePlayerIsRunning",
               "name": "Erd_DuctDoorProfilePlayerIsRunning",
               "read": true,
               "write": false,
               "interval": 500
            },
            {
               "namespace": "Lighthouse-Dispenser",
               "displayName": "RecessHeater | DutyCycle",
               "name": "Erd_RecessHeaterDutyCycle",
               "read": true,
               "write": true,
               "interval": 1000
            }
         ]
      },
      {
         "title": "Testing",
         "erds": [
            {
               "namespace": "Lighthouse-Dispenser",
               "displayName": "SoftKeyEvent",
               "name": "Erd_SoftKeyEvent",
               "read": true,
               "write": false,
               "interval": 1000
            },
            {
               "namespace": "Lighthouse-Dispenser",
               "displayName": "CupSwitchEvent",
               "name": "Erd_CupSwitchEvent",
               "read": true,
               "write": false,
               "interval": 1000
            },
            {
               "namespace": "Lighthouse-Dispenser",
               "displayName": "Temperature / Humidity RAW Data",
               "name": "Erd_TemperatureAndRhSensor_RawAdcData",
               "read": true,
               "write": false,
               "interval": 1000
            },
            {
               "namespace": "Lighthouse-Dispenser",
               "displayName": "EnableLoadsActivation",
               "name": "Erd_EnableLoadsActivation",
               "read": true,
               "write": true,
               "interval": 1000
            },
            {
               "namespace": "Lighthouse-Dispenser",
               "displayName": "RecessHeater | Percentage Request",
               "name": "Erd_RecessHeaterDutyCycleRequest",
               "read": true,
               "write": true,
               "interval": 1000
            },
            {
               "namespace": "Lighthouse-Dispenser",
               "displayName": "RecessHeater | DutyCycle",
               "name": "Erd_RecessHeaterDutyCycle",
               "read": true,
               "write": true,
               "interval": 1000
            },
            {
               "namespace": "Lighthouse-Dispenser",
               "displayName": "DuctDoorStateRequest",
               "name": "Erd_DuctDoorStateRequest",
               "read": true,
               "write": true,
               "interval": 500
            },
            {
               "namespace": "Lighthouse-Dispenser",
               "displayName": "DuctDoorProfilePlayerIsRunning",
               "name": "Erd_DuctDoorProfilePlayerIsRunning",
               "read": true,
               "write": false,
               "interval": 500
            },
            {
               "namespace": "Lighthouse-Dispenser",
               "displayName": "PersonalityInput",
               "name": "Erd_PersonalityInput",
               "read": true,
               "write": false,
               "interval": 10000
            },
            {
               "namespace": "Lighthouse-Dispenser",
               "displayName": "RecessLightState",
               "name": "Erd_RecessLightState",
               "read": true,
               "write": true,
               "interval": 1000
            },
            {
               "namespace": "Lighthouse-Dispenser",
               "displayName": "LedBitmap",
               "name": "Erd_LedBitmap",
               "read": true,
               "write": true,
               "interval": 1000
            },
            {
               "namespace": "Lighthouse-Dispenser",
               "displayName": "Heartbeat",
               "name": "Erd_HeartbeatLed",
               "read": true,
               "write": true,
               "interval": 1000
            },
            {
               "namespace": "Lighthouse-Dispenser",
               "displayName": "MotorFault",
               "name": "Erd_MotorFault",
               "read": true,
               "write": false,
               "interval": 1000
            },
            {
               "namespace": "Lighthouse-Dispenser",
               "displayName": "PlayTune",
               "name": "Erd_PlayTune",
               "read": true,
               "write": true,
               "interval": 2000
            },
            {
               "namespace": "Lighthouse-Dispenser",
               "displayName": "BuzzerTestRequest",
               "name": "Erd_BuzzerTestRequest",
               "read": true,
               "write": true,
               "interval": 2000
            },
            {
               "namespace": "Lighthouse-Dispenser",
               "displayName": "VolumeLevel",
               "name": "Erd_VolumeLevel",
               "read": true,
               "write": true,
               "interval": 2000
            },
            {
               "namespace": "Lighthouse-Dispenser",
               "displayName": "GeneralVolumeDivider",
               "name": "Erd_GeneralVolumeDivider",
               "read": true,
               "write": true,
               "interval": 2000
            },
            {
               "namespace": "Lighthouse-Dispenser",
               "displayName": "Reset",
               "name": "Erd_Reset",
               "read": true,
               "write": true,
               "interval": 2000
            },
            {
               "namespace": "Lighthouse-Dispenser",
               "displayName": "Reset Counts",
               "name": "Erd_ResetCount",
               "read": true,
               "write": true,
               "interval": 2000
            }
         ]
      },
      {
         "title": "Temp / RH",
         "erds": [
            {
               "namespace": "Lighthouse-Dispenser",
               "displayName": "Sensor RAW Data",
               "name": "Erd_TemperatureAndRhSensor_RawAdcData",
               "read": true,
               "write": true,
               "interval": 1000
            },
            {
               "namespace": "Lighthouse-Dispenser",
               "displayName": "Test Override",
               "name": "Erd_TemperatureAndRhSensor_TestOverride",
               "read": true,
               "write": true,
               "interval": 3000
            },
            {
               "namespace": "Lighthouse-Dispenser",
               "displayName": "Converted TempX100",
               "name": "Erd_ConvertedTemperatureValueX100",
               "read": true,
               "write": false,
               "interval": 1000
            },
            {
               "namespace": "Lighthouse-Dispenser",
               "displayName": "Buffered TempX100",
               "name": "Erd_BufferedTemperatureValueX100",
               "read": true,
               "write": false,
               "interval": 1000
            },
            {
               "namespace": "Lighthouse-Dispenser",
               "displayName": "Converted HumidityX100",
               "name": "Erd_ConvertedHumidityValueX100",
               "read": true,
               "write": false,
               "interval": 1000
            },
            {
               "namespace": "Lighthouse-Dispenser",
               "displayName": "Filtered HumidityX100",
               "name": "Erd_FilteredHumidityValueX100",
               "read": true,
               "write": false,
               "interval": 1000
            },
            {
               "namespace": "Lighthouse-Dispenser",
               "displayName": "I2cErrorsSincePowerOn",
               "name": "Erd_I2cErrorsSincePowerOn",
               "read": true,
               "write": false,
               "interval": 3000
            },
            {
               "namespace": "Lighthouse-Dispenser",
               "displayName": "I2cResetsSincePowerOn",
               "name": "Erd_I2cResetsSincePowerOn",
               "read": true,
               "write": false,
               "interval": 3000
            }
         ]
      },
      {
         "title": "Versions",
         "erds": [
            {
               "namespace": "Lighthouse-Dispenser",
               "displayName": "Application Version",
               "name": "Erd_ApplicationVersion",
               "read": true,
               "write": false,
               "interval": 1000000000
            },
            {
               "namespace": "Lighthouse-Dispenser",
               "displayName": "Parametric Version",
               "name": "Erd_ParametricVersion",
               "read": true,
               "write": false,
               "interval": 1000000000
            },
            {
               "namespace": "Lighthouse-Dispenser",
               "displayName": "BootLoader Version",
               "name": "Erd_BootLoaderVersion",
               "read": true,
               "write": false,
               "interval": 1000000000
            },
            {
               "namespace": "Lighthouse-Dispenser",
               "displayName": "Git Hash",
               "name": "Erd_GitHash",
               "read": true,
               "write": false,
               "interval": 1000000000
            },
            {
               "namespace": "Lighthouse-Dispenser",
               "displayName": "Model Number",
               "name": "Erd_ModelNumber",
               "read": true,
               "write": false,
               "interval": 1000000000
            },
            {
               "namespace": "Lighthouse-Dispenser",
               "displayName": "Serial Number",
               "name": "Erd_SerialNumber",
               "read": true,
               "write": false,
               "interval": 1000000000
            }
         ]
      }
   ]
}
