{
  "namespace": "Lighthouse-Dispenser",
  "address": "0x02",
  "gitHash": "8967eb1ea653444a6ef8fe4e23d56d7c187be260",
  "erds": [{
    "name": "Erd_ModelNumber",
    "id": "0x0001",
    "operations": ["read", "write"],
    "data": [{
      "name": "Erd_ModelNumber.data",
      "type": "string",
      "offset": 0,
      "size": 32
    }]
  }, {
    "name": "Erd_SerialNumber",
    "id": "0x0002",
    "operations": ["read", "write"],
    "data": [{
      "name": "Erd_SerialNumber.data",
      "type": "string",
      "offset": 0,
      "size": 32
    }]
  }, {
    "name": "Erd_ApplianceType",
    "id": "0x0008",
    "operations": ["read", "write"],
    "data": [{
      "name": "Erd_ApplianceType",
      "type": "enum",
      "values": {
        "0": "WaterHeater",
        "1": "ClothesDryer",
        "2": "ClothesWasher",
        "3": "Refrigerator",
        "4": "Microwave",
        "5": "Advantium",
        "6": "Dishwasher",
        "7": "Oven",
        "8": "ElectricRange",
        "9": "GasRange",
        "10": "ThermostatRac",
        "11": "ElectricCooktop",
        "12": "PizzaOven",
        "13": "GasCooktop",
        "14": "SplitDfsAc",
        "15": "Hood",
        "16": "PointOfEntryWaterFilter",
        "17": "InductionCooktop",
        "18": "DeliveryBox",
        "19": "KitchenHubVentHood",
        "20": "ZonelinePtac",
        "21": "WaterSoftener",
        "22": "PortableAc",
        "23": "CombinationWasherDryer",
        "24": "DualZoneWineChiller",
        "25": "BeverageCenter",
        "26": "CoffeeBrewer",
        "27": "OpalNuggetIceMaker",
        "28": "InHomeGrower",
        "29": "Dehumidifer",
        "30": "UnderCounterIceMaker",
        "31": "ThroughWallAc",
        "32": "FpaDishWasher",
        "33": "EspressoCoffeeMaker",
        "34": "ToasterOven",
        "35": "ZonelineVertical",
        "36": "CentralDfsController",
        "255": "Unknown"
      },
      "offset": 0,
      "size": 1
    }]
  }, {
    "name": "Erd_ReadyToEnterBootLoader",
    "id": "0x0030",
    "operations": ["read", "write"],
    "data": [{
      "name": "Erd_ReadyToEnterBootLoader",
      "type": "enum",
      "values": {
        "0": "ReadyToEnterBootLoaderState_Unknown1",
        "1": "ReadyToEnterBootLoaderState_Unknown2",
        "2": "ReadyToEnterBootLoaderState_NotReady",
        "3": "ReadyToEnterBootLoaderState_Ready"
      },
      "offset": 0,
      "size": 1
    }]
  }, {
    "name": "Erd_BuildNumber",
    "id": "0x0031",
    "operations": ["read", "write"],
    "data": [{
      "name": "Erd_BuildNumber",
      "type": "u32",
      "offset": 0,
      "size": 4
    }]
  }, {
    "name": "Erd_Reset",
    "id": "0x0032",
    "operations": ["read", "write"],
    "data": [{
      "name": "Erd_Reset",
      "type": "u8",
      "offset": 0,
      "size": 1
    }]
  }, {
    "name": "Erd_AppliancePersonality",
    "id": "0x0035",
    "operations": ["read", "write"],
    "data": [{
      "name": "Erd_AppliancePersonality",
      "type": "u32",
      "offset": 0,
      "size": 4
    }]
  }, {
    "name": "Erd_SupportedImageTypes",
    "id": "0x0038",
    "operations": ["read", "write"],
    "data": [{
      "name": "Erd_SupportedImageTypes",
      "type": "u8",
      "offset": 0,
      "size": 1
    }]
  }, {
    "name": "Erd_BootLoaderVersion",
    "id": "0x0039",
    "operations": ["read", "write"],
    "data": [{
      "name": "Erd_BootLoaderVersion.criticalMajor",
      "type": "u8",
      "offset": 0,
      "size": 1
    }, {
      "name": "Erd_BootLoaderVersion.criticalMinor",
      "type": "u8",
      "offset": 1,
      "size": 1
    }, {
      "name": "Erd_BootLoaderVersion.major",
      "type": "u8",
      "offset": 2,
      "size": 1
    }, {
      "name": "Erd_BootLoaderVersion.minor",
      "type": "u8",
      "offset": 3,
      "size": 1
    }]
  }, {
    "name": "Erd_ApplicationVersion",
    "id": "0x003A",
    "operations": ["read", "write"],
    "data": [{
      "name": "Erd_ApplicationVersion.criticalMajor",
      "type": "u8",
      "offset": 0,
      "size": 1
    }, {
      "name": "Erd_ApplicationVersion.criticalMinor",
      "type": "u8",
      "offset": 1,
      "size": 1
    }, {
      "name": "Erd_ApplicationVersion.major",
      "type": "u8",
      "offset": 2,
      "size": 1
    }, {
      "name": "Erd_ApplicationVersion.minor",
      "type": "u8",
      "offset": 3,
      "size": 1
    }]
  }, {
    "name": "Erd_ParametricVersion",
    "id": "0x003B",
    "operations": ["read", "write"],
    "data": [{
      "name": "Erd_ParametricVersion.criticalMajor",
      "type": "u8",
      "offset": 0,
      "size": 1
    }, {
      "name": "Erd_ParametricVersion.criticalMinor",
      "type": "u8",
      "offset": 1,
      "size": 1
    }, {
      "name": "Erd_ParametricVersion.major",
      "type": "u8",
      "offset": 2,
      "size": 1
    }, {
      "name": "Erd_ParametricVersion.minor",
      "type": "u8",
      "offset": 3,
      "size": 1
    }]
  }, {
    "name": "Erd_AuxiliaryVersion",
    "id": "0x003C",
    "operations": ["read", "write"],
    "data": [{
      "name": "Erd_AuxiliaryVersion.criticalMajor",
      "type": "u8",
      "offset": 0,
      "size": 1
    }, {
      "name": "Erd_AuxiliaryVersion.criticalMinor",
      "type": "u8",
      "offset": 1,
      "size": 1
    }, {
      "name": "Erd_AuxiliaryVersion.major",
      "type": "u8",
      "offset": 2,
      "size": 1
    }, {
      "name": "Erd_AuxiliaryVersion.minor",
      "type": "u8",
      "offset": 3,
      "size": 1
    }]
  }, {
    "name": "Erd_GitHash",
    "id": "0x007F",
    "operations": ["read", "write"],
    "data": [{
      "name": "Erd_GitHash",
      "type": "raw",
      "offset": 0,
      "size": 20
    }]
  }, {
    "name": "Erd_ServiceDiagnosticsApiVersion",
    "id": "0x008F",
    "operations": ["read", "write"],
    "data": [{
      "name": "Erd_ServiceDiagnosticsApiVersion.apiVersion",
      "type": "u8",
      "offset": 0,
      "size": 1
    }, {
      "name": "Erd_ServiceDiagnosticsApiVersion.profile",
      "type": "u8",
      "offset": 1,
      "size": 1
    }]
  }, {
    "name": "Erd_ServiceDiagnosticsRevision3Manifest",
    "id": "0x0090",
    "operations": ["read", "write"],
    "data": [{
      "name": "Erd_ServiceDiagnosticsRevision3Manifest.entityMapStart",
      "type": "enum",
      "values": {
        "65535": "Erd_Invalid"
      },
      "offset": 0,
      "size": 2
    }, {
      "name": "Erd_ServiceDiagnosticsRevision3Manifest.entityCount",
      "type": "u8",
      "offset": 2,
      "size": 1
    }, {
      "name": "Erd_ServiceDiagnosticsRevision3Manifest.reserved",
      "type": "u8",
      "offset": 3,
      "size": 1
    }]
  }, {
    "name": "Erd_ApplianceApiManifest",
    "id": "0x0092",
    "operations": ["read", "write"],
    "data": [{
      "name": "Erd_ApplianceApiManifest.revision",
      "type": "u32",
      "offset": 0,
      "size": 4
    }, {
      "name": "Erd_ApplianceApiManifest.features",
      "type": "u32",
      "offset": 4,
      "size": 4
    }]
  }, {
    "name": "Erd_ResetCount",
    "id": "0x0700",
    "operations": ["read", "write"],
    "data": [{
      "name": "Erd_ResetCount",
      "type": "u32",
      "offset": 0,
      "size": 4
    }]
  }, {
    "name": "Erd_ResetReason",
    "id": "0x0701",
    "operations": ["read", "write"],
    "data": [{
      "name": "Erd_ResetReason.source",
      "type": "enum",
      "values": {
        "0": "ResetSource_Software",
        "1": "ResetSource_Watchdog",
        "2": "ResetSource_PowerOn",
        "3": "ResetSource_Unknown"
      },
      "offset": 0,
      "size": 1
    }, {
      "name": "Erd_ResetReason.metadata",
      "type": "u8",
      "offset": 1,
      "size": 1
    }]
  }, {
    "name": "Erd_SecondsSinceLastReset",
    "id": "0x0702",
    "operations": ["read", "write"],
    "data": [{
      "name": "Erd_SecondsSinceLastReset",
      "type": "u32",
      "offset": 0,
      "size": 4
    }]
  }, {
    "name": "Erd_ProgramCounterAddressAtLastUassert",
    "id": "0x0703",
    "operations": ["read", "write"],
    "data": [{
      "name": "Erd_ProgramCounterAddressAtLastUassert",
      "type": "u32",
      "offset": 0,
      "size": 4
    }]
  }, {
    "name": "Erd_MainboardEnable",
    "id": "0x1FD0",
    "operations": ["read", "write"],
    "data": [{
      "name": "Erd_MainboardEnable",
      "type": "bool",
      "offset": 0,
      "size": 1
    }]
  }, {
    "name": "Erd_MainboardSignOfLifeMissingError",
    "id": "0x1FD3",
    "operations": ["read", "write"],
    "data": [{
      "name": "Erd_MainboardSignOfLifeMissingError",
      "type": "bool",
      "offset": 0,
      "size": 1
    }]
  }, {
    "name": "Erd_MainboardSubscriptionFailedError",
    "id": "0x1FD4",
    "operations": ["read", "write"],
    "data": [{
      "name": "Erd_MainboardSubscriptionFailedError",
      "type": "bool",
      "offset": 0,
      "size": 1
    }]
  }, {
    "name": "Erd_UnexpectedPublicationFromMainboardError",
    "id": "0x1FD5",
    "operations": ["read", "write"],
    "data": [{
      "name": "Erd_UnexpectedPublicationFromMainboardError",
      "type": "bool",
      "offset": 0,
      "size": 1
    }]
  }, {
    "name": "Erd_UnexpectedPublicationSizeFromMainboardError",
    "id": "0x1FD6",
    "operations": ["read", "write"],
    "data": [{
      "name": "Erd_UnexpectedPublicationSizeFromMainboardError",
      "type": "bool",
      "offset": 0,
      "size": 1
    }]
  }, {
    "name": "Erd_UnableToWriteToMainboardError",
    "id": "0x1FD7",
    "operations": ["read", "write"],
    "data": [{
      "name": "Erd_UnableToWriteToMainboardError",
      "type": "bool",
      "offset": 0,
      "size": 1
    }]
  }, {
    "name": "Erd_UnableToQueueErdClientRequestError",
    "id": "0x1FD8",
    "operations": ["read", "write"],
    "data": [{
      "name": "Erd_UnableToQueueErdClientRequestError",
      "type": "bool",
      "offset": 0,
      "size": 1
    }]
  }, {
    "name": "Erd_ServiceDiagnosticsEntityLocation",
    "id": "0xE000",
    "operations": ["read", "write"],
    "data": [{
      "name": "Erd_ServiceDiagnosticsEntityLocation",
      "type": "enum",
      "values": {
        "65535": "Erd_Invalid"
      },
      "offset": 0,
      "size": 2
    }]
  }, {
    "name": "Erd_ServiceDiagnosticsEntityManifest",
    "id": "0xE100",
    "operations": ["read", "write"],
    "data": [{
      "name": "Erd_ServiceDiagnosticsEntityManifest.id",
      "type": "u8",
      "offset": 0,
      "size": 1
    }, {
      "name": "Erd_ServiceDiagnosticsEntityManifest.dataVersion.major",
      "type": "u8",
      "offset": 1,
      "size": 1
    }, {
      "name": "Erd_ServiceDiagnosticsEntityManifest.dataVersion.minor",
      "type": "u8",
      "offset": 2,
      "size": 1
    }, {
      "name": "Erd_ServiceDiagnosticsEntityManifest.reserved",
      "type": "u8",
      "offset": 3,
      "size": 1
    }, {
      "name": "Erd_ServiceDiagnosticsEntityManifest.featureBitmap",
      "type": "u16",
      "offset": 4,
      "size": 2
    }, {
      "name": "Erd_ServiceDiagnosticsEntityManifest.entryCount.faultTable",
      "type": "u16",
      "offset": 6,
      "size": 2
    }, {
      "name": "Erd_ServiceDiagnosticsEntityManifest.entryCount.faultSequence",
      "type": "u16",
      "offset": 8,
      "size": 2
    }, {
      "name": "Erd_ServiceDiagnosticsEntityManifest.entryCount.cycleHistorySequence",
      "type": "u16",
      "offset": 10,
      "size": 2
    }]
  }, {
    "name": "Erd_ServiceDiagnosticsEntityCycleCount",
    "id": "0xE101",
    "operations": ["read", "write"],
    "data": [{
      "name": "Erd_ServiceDiagnosticsEntityCycleCount",
      "type": "u32",
      "offset": 0,
      "size": 4
    }]
  }, {
    "name": "Erd_ServiceDiagnosticsRunTimeInMinutes",
    "id": "0xE102",
    "operations": ["read", "write"],
    "data": [{
      "name": "Erd_ServiceDiagnosticsRunTimeInMinutes",
      "type": "u32",
      "offset": 0,
      "size": 4
    }]
  }, {
    "name": "Erd_ServiceDiagnosticsFaultTableStatus",
    "id": "0xE103",
    "operations": ["read", "write"],
    "data": [{
      "name": "Erd_ServiceDiagnosticsFaultTableStatus.currentIndex",
      "type": "u16",
      "offset": 0,
      "size": 2
    }, {
      "name": "Erd_ServiceDiagnosticsFaultTableStatus.count",
      "type": "u16",
      "offset": 2,
      "size": 2
    }, {
      "name": "Erd_ServiceDiagnosticsFaultTableStatus.overwriteCount",
      "type": "u16",
      "offset": 4,
      "size": 2
    }, {
      "name": "Erd_ServiceDiagnosticsFaultTableStatus.reserved",
      "type": "u16",
      "offset": 6,
      "size": 2
    }]
  }, {
    "name": "Erd_ServiceDiagnosticsFaultTableClear",
    "id": "0xE104",
    "operations": ["read", "write"],
    "data": [{
      "name": "Erd_ServiceDiagnosticsFaultTableClear",
      "type": "bool",
      "offset": 0,
      "size": 1
    }]
  }, {
    "name": "Erd_ServiceDiagnosticsFaultTableEntry0",
    "id": "0xE105",
    "operations": ["read", "write"],
    "data": [{
      "name": "Erd_ServiceDiagnosticsFaultTableEntry0.cycleNumber",
      "type": "u32",
      "offset": 0,
      "size": 4
    }, {
      "name": "Erd_ServiceDiagnosticsFaultTableEntry0.timeStamp",
      "type": "u32",
      "offset": 4,
      "size": 4
    }, {
      "name": "Erd_ServiceDiagnosticsFaultTableEntry0.faultCode",
      "type": "u16",
      "offset": 8,
      "size": 2
    }, {
      "name": "Erd_ServiceDiagnosticsFaultTableEntry0.faultCount",
      "type": "u16",
      "offset": 10,
      "size": 2
    }, {
      "name": "Erd_ServiceDiagnosticsFaultTableEntry0.faultIsActive",
      "type": "bool",
      "offset": 12,
      "size": 1
    }, {
      "name": "Erd_ServiceDiagnosticsFaultTableEntry0.applicationSpecificMetadata[0]",
      "type": "u8",
      "offset": 13,
      "size": 1
    }, {
      "name": "Erd_ServiceDiagnosticsFaultTableEntry0.applicationSpecificMetadata[1]",
      "type": "u8",
      "offset": 14,
      "size": 1
    }, {
      "name": "Erd_ServiceDiagnosticsFaultTableEntry0.applicationSpecificMetadata[2]",
      "type": "u8",
      "offset": 15,
      "size": 1
    }]
  }, {
    "name": "Erd_ServiceDiagnosticsFaultTableEntry1",
    "id": "0xE106",
    "operations": ["read", "write"],
    "data": [{
      "name": "Erd_ServiceDiagnosticsFaultTableEntry1.cycleNumber",
      "type": "u32",
      "offset": 0,
      "size": 4
    }, {
      "name": "Erd_ServiceDiagnosticsFaultTableEntry1.timeStamp",
      "type": "u32",
      "offset": 4,
      "size": 4
    }, {
      "name": "Erd_ServiceDiagnosticsFaultTableEntry1.faultCode",
      "type": "u16",
      "offset": 8,
      "size": 2
    }, {
      "name": "Erd_ServiceDiagnosticsFaultTableEntry1.faultCount",
      "type": "u16",
      "offset": 10,
      "size": 2
    }, {
      "name": "Erd_ServiceDiagnosticsFaultTableEntry1.faultIsActive",
      "type": "bool",
      "offset": 12,
      "size": 1
    }, {
      "name": "Erd_ServiceDiagnosticsFaultTableEntry1.applicationSpecificMetadata[0]",
      "type": "u8",
      "offset": 13,
      "size": 1
    }, {
      "name": "Erd_ServiceDiagnosticsFaultTableEntry1.applicationSpecificMetadata[1]",
      "type": "u8",
      "offset": 14,
      "size": 1
    }, {
      "name": "Erd_ServiceDiagnosticsFaultTableEntry1.applicationSpecificMetadata[2]",
      "type": "u8",
      "offset": 15,
      "size": 1
    }]
  }, {
    "name": "Erd_ServiceDiagnosticsFaultTableEntry2",
    "id": "0xE107",
    "operations": ["read", "write"],
    "data": [{
      "name": "Erd_ServiceDiagnosticsFaultTableEntry2.cycleNumber",
      "type": "u32",
      "offset": 0,
      "size": 4
    }, {
      "name": "Erd_ServiceDiagnosticsFaultTableEntry2.timeStamp",
      "type": "u32",
      "offset": 4,
      "size": 4
    }, {
      "name": "Erd_ServiceDiagnosticsFaultTableEntry2.faultCode",
      "type": "u16",
      "offset": 8,
      "size": 2
    }, {
      "name": "Erd_ServiceDiagnosticsFaultTableEntry2.faultCount",
      "type": "u16",
      "offset": 10,
      "size": 2
    }, {
      "name": "Erd_ServiceDiagnosticsFaultTableEntry2.faultIsActive",
      "type": "bool",
      "offset": 12,
      "size": 1
    }, {
      "name": "Erd_ServiceDiagnosticsFaultTableEntry2.applicationSpecificMetadata[0]",
      "type": "u8",
      "offset": 13,
      "size": 1
    }, {
      "name": "Erd_ServiceDiagnosticsFaultTableEntry2.applicationSpecificMetadata[1]",
      "type": "u8",
      "offset": 14,
      "size": 1
    }, {
      "name": "Erd_ServiceDiagnosticsFaultTableEntry2.applicationSpecificMetadata[2]",
      "type": "u8",
      "offset": 15,
      "size": 1
    }]
  }, {
    "name": "Erd_ServiceDiagnosticsFaultTableEntry3",
    "id": "0xE108",
    "operations": ["read", "write"],
    "data": [{
      "name": "Erd_ServiceDiagnosticsFaultTableEntry3.cycleNumber",
      "type": "u32",
      "offset": 0,
      "size": 4
    }, {
      "name": "Erd_ServiceDiagnosticsFaultTableEntry3.timeStamp",
      "type": "u32",
      "offset": 4,
      "size": 4
    }, {
      "name": "Erd_ServiceDiagnosticsFaultTableEntry3.faultCode",
      "type": "u16",
      "offset": 8,
      "size": 2
    }, {
      "name": "Erd_ServiceDiagnosticsFaultTableEntry3.faultCount",
      "type": "u16",
      "offset": 10,
      "size": 2
    }, {
      "name": "Erd_ServiceDiagnosticsFaultTableEntry3.faultIsActive",
      "type": "bool",
      "offset": 12,
      "size": 1
    }, {
      "name": "Erd_ServiceDiagnosticsFaultTableEntry3.applicationSpecificMetadata[0]",
      "type": "u8",
      "offset": 13,
      "size": 1
    }, {
      "name": "Erd_ServiceDiagnosticsFaultTableEntry3.applicationSpecificMetadata[1]",
      "type": "u8",
      "offset": 14,
      "size": 1
    }, {
      "name": "Erd_ServiceDiagnosticsFaultTableEntry3.applicationSpecificMetadata[2]",
      "type": "u8",
      "offset": 15,
      "size": 1
    }]
  }, {
    "name": "Erd_ServiceDiagnosticsFaultTableEntry4",
    "id": "0xE109",
    "operations": ["read", "write"],
    "data": [{
      "name": "Erd_ServiceDiagnosticsFaultTableEntry4.cycleNumber",
      "type": "u32",
      "offset": 0,
      "size": 4
    }, {
      "name": "Erd_ServiceDiagnosticsFaultTableEntry4.timeStamp",
      "type": "u32",
      "offset": 4,
      "size": 4
    }, {
      "name": "Erd_ServiceDiagnosticsFaultTableEntry4.faultCode",
      "type": "u16",
      "offset": 8,
      "size": 2
    }, {
      "name": "Erd_ServiceDiagnosticsFaultTableEntry4.faultCount",
      "type": "u16",
      "offset": 10,
      "size": 2
    }, {
      "name": "Erd_ServiceDiagnosticsFaultTableEntry4.faultIsActive",
      "type": "bool",
      "offset": 12,
      "size": 1
    }, {
      "name": "Erd_ServiceDiagnosticsFaultTableEntry4.applicationSpecificMetadata[0]",
      "type": "u8",
      "offset": 13,
      "size": 1
    }, {
      "name": "Erd_ServiceDiagnosticsFaultTableEntry4.applicationSpecificMetadata[1]",
      "type": "u8",
      "offset": 14,
      "size": 1
    }, {
      "name": "Erd_ServiceDiagnosticsFaultTableEntry4.applicationSpecificMetadata[2]",
      "type": "u8",
      "offset": 15,
      "size": 1
    }]
  }, {
    "name": "Erd_ServiceDiagnosticsFaultTableEntry5",
    "id": "0xE10A",
    "operations": ["read", "write"],
    "data": [{
      "name": "Erd_ServiceDiagnosticsFaultTableEntry5.cycleNumber",
      "type": "u32",
      "offset": 0,
      "size": 4
    }, {
      "name": "Erd_ServiceDiagnosticsFaultTableEntry5.timeStamp",
      "type": "u32",
      "offset": 4,
      "size": 4
    }, {
      "name": "Erd_ServiceDiagnosticsFaultTableEntry5.faultCode",
      "type": "u16",
      "offset": 8,
      "size": 2
    }, {
      "name": "Erd_ServiceDiagnosticsFaultTableEntry5.faultCount",
      "type": "u16",
      "offset": 10,
      "size": 2
    }, {
      "name": "Erd_ServiceDiagnosticsFaultTableEntry5.faultIsActive",
      "type": "bool",
      "offset": 12,
      "size": 1
    }, {
      "name": "Erd_ServiceDiagnosticsFaultTableEntry5.applicationSpecificMetadata[0]",
      "type": "u8",
      "offset": 13,
      "size": 1
    }, {
      "name": "Erd_ServiceDiagnosticsFaultTableEntry5.applicationSpecificMetadata[1]",
      "type": "u8",
      "offset": 14,
      "size": 1
    }, {
      "name": "Erd_ServiceDiagnosticsFaultTableEntry5.applicationSpecificMetadata[2]",
      "type": "u8",
      "offset": 15,
      "size": 1
    }]
  }, {
    "name": "Erd_ServiceDiagnosticsFaultTableEntry6",
    "id": "0xE10B",
    "operations": ["read", "write"],
    "data": [{
      "name": "Erd_ServiceDiagnosticsFaultTableEntry6.cycleNumber",
      "type": "u32",
      "offset": 0,
      "size": 4
    }, {
      "name": "Erd_ServiceDiagnosticsFaultTableEntry6.timeStamp",
      "type": "u32",
      "offset": 4,
      "size": 4
    }, {
      "name": "Erd_ServiceDiagnosticsFaultTableEntry6.faultCode",
      "type": "u16",
      "offset": 8,
      "size": 2
    }, {
      "name": "Erd_ServiceDiagnosticsFaultTableEntry6.faultCount",
      "type": "u16",
      "offset": 10,
      "size": 2
    }, {
      "name": "Erd_ServiceDiagnosticsFaultTableEntry6.faultIsActive",
      "type": "bool",
      "offset": 12,
      "size": 1
    }, {
      "name": "Erd_ServiceDiagnosticsFaultTableEntry6.applicationSpecificMetadata[0]",
      "type": "u8",
      "offset": 13,
      "size": 1
    }, {
      "name": "Erd_ServiceDiagnosticsFaultTableEntry6.applicationSpecificMetadata[1]",
      "type": "u8",
      "offset": 14,
      "size": 1
    }, {
      "name": "Erd_ServiceDiagnosticsFaultTableEntry6.applicationSpecificMetadata[2]",
      "type": "u8",
      "offset": 15,
      "size": 1
    }]
  }, {
    "name": "Erd_ServiceDiagnosticsFaultTableEntry7",
    "id": "0xE10C",
    "operations": ["read", "write"],
    "data": [{
      "name": "Erd_ServiceDiagnosticsFaultTableEntry7.cycleNumber",
      "type": "u32",
      "offset": 0,
      "size": 4
    }, {
      "name": "Erd_ServiceDiagnosticsFaultTableEntry7.timeStamp",
      "type": "u32",
      "offset": 4,
      "size": 4
    }, {
      "name": "Erd_ServiceDiagnosticsFaultTableEntry7.faultCode",
      "type": "u16",
      "offset": 8,
      "size": 2
    }, {
      "name": "Erd_ServiceDiagnosticsFaultTableEntry7.faultCount",
      "type": "u16",
      "offset": 10,
      "size": 2
    }, {
      "name": "Erd_ServiceDiagnosticsFaultTableEntry7.faultIsActive",
      "type": "bool",
      "offset": 12,
      "size": 1
    }, {
      "name": "Erd_ServiceDiagnosticsFaultTableEntry7.applicationSpecificMetadata[0]",
      "type": "u8",
      "offset": 13,
      "size": 1
    }, {
      "name": "Erd_ServiceDiagnosticsFaultTableEntry7.applicationSpecificMetadata[1]",
      "type": "u8",
      "offset": 14,
      "size": 1
    }, {
      "name": "Erd_ServiceDiagnosticsFaultTableEntry7.applicationSpecificMetadata[2]",
      "type": "u8",
      "offset": 15,
      "size": 1
    }]
  }, {
    "name": "Erd_ServiceDiagnosticsFaultTableEntry8",
    "id": "0xE10D",
    "operations": ["read", "write"],
    "data": [{
      "name": "Erd_ServiceDiagnosticsFaultTableEntry8.cycleNumber",
      "type": "u32",
      "offset": 0,
      "size": 4
    }, {
      "name": "Erd_ServiceDiagnosticsFaultTableEntry8.timeStamp",
      "type": "u32",
      "offset": 4,
      "size": 4
    }, {
      "name": "Erd_ServiceDiagnosticsFaultTableEntry8.faultCode",
      "type": "u16",
      "offset": 8,
      "size": 2
    }, {
      "name": "Erd_ServiceDiagnosticsFaultTableEntry8.faultCount",
      "type": "u16",
      "offset": 10,
      "size": 2
    }, {
      "name": "Erd_ServiceDiagnosticsFaultTableEntry8.faultIsActive",
      "type": "bool",
      "offset": 12,
      "size": 1
    }, {
      "name": "Erd_ServiceDiagnosticsFaultTableEntry8.applicationSpecificMetadata[0]",
      "type": "u8",
      "offset": 13,
      "size": 1
    }, {
      "name": "Erd_ServiceDiagnosticsFaultTableEntry8.applicationSpecificMetadata[1]",
      "type": "u8",
      "offset": 14,
      "size": 1
    }, {
      "name": "Erd_ServiceDiagnosticsFaultTableEntry8.applicationSpecificMetadata[2]",
      "type": "u8",
      "offset": 15,
      "size": 1
    }]
  }, {
    "name": "Erd_ServiceDiagnosticsFaultTableEntry9",
    "id": "0xE10E",
    "operations": ["read", "write"],
    "data": [{
      "name": "Erd_ServiceDiagnosticsFaultTableEntry9.cycleNumber",
      "type": "u32",
      "offset": 0,
      "size": 4
    }, {
      "name": "Erd_ServiceDiagnosticsFaultTableEntry9.timeStamp",
      "type": "u32",
      "offset": 4,
      "size": 4
    }, {
      "name": "Erd_ServiceDiagnosticsFaultTableEntry9.faultCode",
      "type": "u16",
      "offset": 8,
      "size": 2
    }, {
      "name": "Erd_ServiceDiagnosticsFaultTableEntry9.faultCount",
      "type": "u16",
      "offset": 10,
      "size": 2
    }, {
      "name": "Erd_ServiceDiagnosticsFaultTableEntry9.faultIsActive",
      "type": "bool",
      "offset": 12,
      "size": 1
    }, {
      "name": "Erd_ServiceDiagnosticsFaultTableEntry9.applicationSpecificMetadata[0]",
      "type": "u8",
      "offset": 13,
      "size": 1
    }, {
      "name": "Erd_ServiceDiagnosticsFaultTableEntry9.applicationSpecificMetadata[1]",
      "type": "u8",
      "offset": 14,
      "size": 1
    }, {
      "name": "Erd_ServiceDiagnosticsFaultTableEntry9.applicationSpecificMetadata[2]",
      "type": "u8",
      "offset": 15,
      "size": 1
    }]
  }, {
    "name": "Erd_ServiceDiagnosticsFaultTableSnapshot0",
    "id": "0xE10F",
    "operations": ["read", "write"],
    "data": [{
      "name": "Erd_ServiceDiagnosticsFaultTableSnapshot0.header.cycleNumber",
      "type": "u32",
      "offset": 0,
      "size": 4
    }, {
      "name": "Erd_ServiceDiagnosticsFaultTableSnapshot0.header.timeStamp",
      "type": "u32",
      "offset": 4,
      "size": 4
    }, {
      "name": "Erd_ServiceDiagnosticsFaultTableSnapshot0.header.faultCode",
      "type": "u16",
      "offset": 8,
      "size": 2
    }, {
      "name": "Erd_ServiceDiagnosticsFaultTableSnapshot0.data.someData",
      "type": "u32",
      "offset": 10,
      "size": 4
    }]
  }, {
    "name": "Erd_ServiceDiagnosticsFaultTableSnapshot1",
    "id": "0xE110",
    "operations": ["read", "write"],
    "data": [{
      "name": "Erd_ServiceDiagnosticsFaultTableSnapshot1.header.cycleNumber",
      "type": "u32",
      "offset": 0,
      "size": 4
    }, {
      "name": "Erd_ServiceDiagnosticsFaultTableSnapshot1.header.timeStamp",
      "type": "u32",
      "offset": 4,
      "size": 4
    }, {
      "name": "Erd_ServiceDiagnosticsFaultTableSnapshot1.header.faultCode",
      "type": "u16",
      "offset": 8,
      "size": 2
    }, {
      "name": "Erd_ServiceDiagnosticsFaultTableSnapshot1.data.someData",
      "type": "u32",
      "offset": 10,
      "size": 4
    }]
  }, {
    "name": "Erd_ServiceDiagnosticsFaultTableSnapshot2",
    "id": "0xE111",
    "operations": ["read", "write"],
    "data": [{
      "name": "Erd_ServiceDiagnosticsFaultTableSnapshot2.header.cycleNumber",
      "type": "u32",
      "offset": 0,
      "size": 4
    }, {
      "name": "Erd_ServiceDiagnosticsFaultTableSnapshot2.header.timeStamp",
      "type": "u32",
      "offset": 4,
      "size": 4
    }, {
      "name": "Erd_ServiceDiagnosticsFaultTableSnapshot2.header.faultCode",
      "type": "u16",
      "offset": 8,
      "size": 2
    }, {
      "name": "Erd_ServiceDiagnosticsFaultTableSnapshot2.data.someData",
      "type": "u32",
      "offset": 10,
      "size": 4
    }]
  }, {
    "name": "Erd_ServiceDiagnosticsFaultTableSnapshot3",
    "id": "0xE112",
    "operations": ["read", "write"],
    "data": [{
      "name": "Erd_ServiceDiagnosticsFaultTableSnapshot3.header.cycleNumber",
      "type": "u32",
      "offset": 0,
      "size": 4
    }, {
      "name": "Erd_ServiceDiagnosticsFaultTableSnapshot3.header.timeStamp",
      "type": "u32",
      "offset": 4,
      "size": 4
    }, {
      "name": "Erd_ServiceDiagnosticsFaultTableSnapshot3.header.faultCode",
      "type": "u16",
      "offset": 8,
      "size": 2
    }, {
      "name": "Erd_ServiceDiagnosticsFaultTableSnapshot3.data.someData",
      "type": "u32",
      "offset": 10,
      "size": 4
    }]
  }, {
    "name": "Erd_ServiceDiagnosticsFaultTableSnapshot4",
    "id": "0xE113",
    "operations": ["read", "write"],
    "data": [{
      "name": "Erd_ServiceDiagnosticsFaultTableSnapshot4.header.cycleNumber",
      "type": "u32",
      "offset": 0,
      "size": 4
    }, {
      "name": "Erd_ServiceDiagnosticsFaultTableSnapshot4.header.timeStamp",
      "type": "u32",
      "offset": 4,
      "size": 4
    }, {
      "name": "Erd_ServiceDiagnosticsFaultTableSnapshot4.header.faultCode",
      "type": "u16",
      "offset": 8,
      "size": 2
    }, {
      "name": "Erd_ServiceDiagnosticsFaultTableSnapshot4.data.someData",
      "type": "u32",
      "offset": 10,
      "size": 4
    }]
  }, {
    "name": "Erd_ServiceDiagnosticsFaultTableSnapshot5",
    "id": "0xE114",
    "operations": ["read", "write"],
    "data": [{
      "name": "Erd_ServiceDiagnosticsFaultTableSnapshot5.header.cycleNumber",
      "type": "u32",
      "offset": 0,
      "size": 4
    }, {
      "name": "Erd_ServiceDiagnosticsFaultTableSnapshot5.header.timeStamp",
      "type": "u32",
      "offset": 4,
      "size": 4
    }, {
      "name": "Erd_ServiceDiagnosticsFaultTableSnapshot5.header.faultCode",
      "type": "u16",
      "offset": 8,
      "size": 2
    }, {
      "name": "Erd_ServiceDiagnosticsFaultTableSnapshot5.data.someData",
      "type": "u32",
      "offset": 10,
      "size": 4
    }]
  }, {
    "name": "Erd_ServiceDiagnosticsFaultTableSnapshot6",
    "id": "0xE115",
    "operations": ["read", "write"],
    "data": [{
      "name": "Erd_ServiceDiagnosticsFaultTableSnapshot6.header.cycleNumber",
      "type": "u32",
      "offset": 0,
      "size": 4
    }, {
      "name": "Erd_ServiceDiagnosticsFaultTableSnapshot6.header.timeStamp",
      "type": "u32",
      "offset": 4,
      "size": 4
    }, {
      "name": "Erd_ServiceDiagnosticsFaultTableSnapshot6.header.faultCode",
      "type": "u16",
      "offset": 8,
      "size": 2
    }, {
      "name": "Erd_ServiceDiagnosticsFaultTableSnapshot6.data.someData",
      "type": "u32",
      "offset": 10,
      "size": 4
    }]
  }, {
    "name": "Erd_ServiceDiagnosticsFaultTableSnapshot7",
    "id": "0xE116",
    "operations": ["read", "write"],
    "data": [{
      "name": "Erd_ServiceDiagnosticsFaultTableSnapshot7.header.cycleNumber",
      "type": "u32",
      "offset": 0,
      "size": 4
    }, {
      "name": "Erd_ServiceDiagnosticsFaultTableSnapshot7.header.timeStamp",
      "type": "u32",
      "offset": 4,
      "size": 4
    }, {
      "name": "Erd_ServiceDiagnosticsFaultTableSnapshot7.header.faultCode",
      "type": "u16",
      "offset": 8,
      "size": 2
    }, {
      "name": "Erd_ServiceDiagnosticsFaultTableSnapshot7.data.someData",
      "type": "u32",
      "offset": 10,
      "size": 4
    }]
  }, {
    "name": "Erd_ServiceDiagnosticsFaultTableSnapshot8",
    "id": "0xE117",
    "operations": ["read", "write"],
    "data": [{
      "name": "Erd_ServiceDiagnosticsFaultTableSnapshot8.header.cycleNumber",
      "type": "u32",
      "offset": 0,
      "size": 4
    }, {
      "name": "Erd_ServiceDiagnosticsFaultTableSnapshot8.header.timeStamp",
      "type": "u32",
      "offset": 4,
      "size": 4
    }, {
      "name": "Erd_ServiceDiagnosticsFaultTableSnapshot8.header.faultCode",
      "type": "u16",
      "offset": 8,
      "size": 2
    }, {
      "name": "Erd_ServiceDiagnosticsFaultTableSnapshot8.data.someData",
      "type": "u32",
      "offset": 10,
      "size": 4
    }]
  }, {
    "name": "Erd_ServiceDiagnosticsFaultTableSnapshot9",
    "id": "0xE118",
    "operations": ["read", "write"],
    "data": [{
      "name": "Erd_ServiceDiagnosticsFaultTableSnapshot9.header.cycleNumber",
      "type": "u32",
      "offset": 0,
      "size": 4
    }, {
      "name": "Erd_ServiceDiagnosticsFaultTableSnapshot9.header.timeStamp",
      "type": "u32",
      "offset": 4,
      "size": 4
    }, {
      "name": "Erd_ServiceDiagnosticsFaultTableSnapshot9.header.faultCode",
      "type": "u16",
      "offset": 8,
      "size": 2
    }, {
      "name": "Erd_ServiceDiagnosticsFaultTableSnapshot9.data.someData",
      "type": "u32",
      "offset": 10,
      "size": 4
    }]
  }, {
    "name": "Erd_ServiceDiagnosticsFaultSequenceStatus",
    "id": "0xE119",
    "operations": ["read", "write"],
    "data": [{
      "name": "Erd_ServiceDiagnosticsFaultSequenceStatus.currentIndex",
      "type": "u16",
      "offset": 0,
      "size": 2
    }, {
      "name": "Erd_ServiceDiagnosticsFaultSequenceStatus.count",
      "type": "u16",
      "offset": 2,
      "size": 2
    }, {
      "name": "Erd_ServiceDiagnosticsFaultSequenceStatus.overwriteCount",
      "type": "u16",
      "offset": 4,
      "size": 2
    }, {
      "name": "Erd_ServiceDiagnosticsFaultSequenceStatus.reserved",
      "type": "u16",
      "offset": 6,
      "size": 2
    }]
  }, {
    "name": "Erd_ServiceDiagnosticsFaultSequenceClear",
    "id": "0xE11A",
    "operations": ["read", "write"],
    "data": [{
      "name": "Erd_ServiceDiagnosticsFaultSequenceClear",
      "type": "bool",
      "offset": 0,
      "size": 1
    }]
  }, {
    "name": "Erd_ServiceDiagnosticsFaultSequenceEntry0",
    "id": "0xE11B",
    "operations": ["read", "write"],
    "data": [{
      "name": "Erd_ServiceDiagnosticsFaultSequenceEntry0.cycleNumber",
      "type": "u32",
      "offset": 0,
      "size": 4
    }, {
      "name": "Erd_ServiceDiagnosticsFaultSequenceEntry0.timeStamp",
      "type": "u32",
      "offset": 4,
      "size": 4
    }, {
      "name": "Erd_ServiceDiagnosticsFaultSequenceEntry0.faultCode",
      "type": "u16",
      "offset": 8,
      "size": 2
    }, {
      "name": "Erd_ServiceDiagnosticsFaultSequenceEntry0.faultIsActive",
      "type": "bool",
      "offset": 10,
      "size": 1
    }, {
      "name": "Erd_ServiceDiagnosticsFaultSequenceEntry0.reserved1",
      "type": "u8",
      "offset": 11,
      "size": 1
    }]
  }, {
    "name": "Erd_ServiceDiagnosticsFaultSequenceEntry1",
    "id": "0xE11C",
    "operations": ["read", "write"],
    "data": [{
      "name": "Erd_ServiceDiagnosticsFaultSequenceEntry1.cycleNumber",
      "type": "u32",
      "offset": 0,
      "size": 4
    }, {
      "name": "Erd_ServiceDiagnosticsFaultSequenceEntry1.timeStamp",
      "type": "u32",
      "offset": 4,
      "size": 4
    }, {
      "name": "Erd_ServiceDiagnosticsFaultSequenceEntry1.faultCode",
      "type": "u16",
      "offset": 8,
      "size": 2
    }, {
      "name": "Erd_ServiceDiagnosticsFaultSequenceEntry1.faultIsActive",
      "type": "bool",
      "offset": 10,
      "size": 1
    }, {
      "name": "Erd_ServiceDiagnosticsFaultSequenceEntry1.reserved1",
      "type": "u8",
      "offset": 11,
      "size": 1
    }]
  }, {
    "name": "Erd_ServiceDiagnosticsFaultSequenceEntry2",
    "id": "0xE11D",
    "operations": ["read", "write"],
    "data": [{
      "name": "Erd_ServiceDiagnosticsFaultSequenceEntry2.cycleNumber",
      "type": "u32",
      "offset": 0,
      "size": 4
    }, {
      "name": "Erd_ServiceDiagnosticsFaultSequenceEntry2.timeStamp",
      "type": "u32",
      "offset": 4,
      "size": 4
    }, {
      "name": "Erd_ServiceDiagnosticsFaultSequenceEntry2.faultCode",
      "type": "u16",
      "offset": 8,
      "size": 2
    }, {
      "name": "Erd_ServiceDiagnosticsFaultSequenceEntry2.faultIsActive",
      "type": "bool",
      "offset": 10,
      "size": 1
    }, {
      "name": "Erd_ServiceDiagnosticsFaultSequenceEntry2.reserved1",
      "type": "u8",
      "offset": 11,
      "size": 1
    }]
  }, {
    "name": "Erd_ServiceDiagnosticsFaultSequenceEntry3",
    "id": "0xE11E",
    "operations": ["read", "write"],
    "data": [{
      "name": "Erd_ServiceDiagnosticsFaultSequenceEntry3.cycleNumber",
      "type": "u32",
      "offset": 0,
      "size": 4
    }, {
      "name": "Erd_ServiceDiagnosticsFaultSequenceEntry3.timeStamp",
      "type": "u32",
      "offset": 4,
      "size": 4
    }, {
      "name": "Erd_ServiceDiagnosticsFaultSequenceEntry3.faultCode",
      "type": "u16",
      "offset": 8,
      "size": 2
    }, {
      "name": "Erd_ServiceDiagnosticsFaultSequenceEntry3.faultIsActive",
      "type": "bool",
      "offset": 10,
      "size": 1
    }, {
      "name": "Erd_ServiceDiagnosticsFaultSequenceEntry3.reserved1",
      "type": "u8",
      "offset": 11,
      "size": 1
    }]
  }, {
    "name": "Erd_ServiceDiagnosticsFaultSequenceEntry4",
    "id": "0xE11F",
    "operations": ["read", "write"],
    "data": [{
      "name": "Erd_ServiceDiagnosticsFaultSequenceEntry4.cycleNumber",
      "type": "u32",
      "offset": 0,
      "size": 4
    }, {
      "name": "Erd_ServiceDiagnosticsFaultSequenceEntry4.timeStamp",
      "type": "u32",
      "offset": 4,
      "size": 4
    }, {
      "name": "Erd_ServiceDiagnosticsFaultSequenceEntry4.faultCode",
      "type": "u16",
      "offset": 8,
      "size": 2
    }, {
      "name": "Erd_ServiceDiagnosticsFaultSequenceEntry4.faultIsActive",
      "type": "bool",
      "offset": 10,
      "size": 1
    }, {
      "name": "Erd_ServiceDiagnosticsFaultSequenceEntry4.reserved1",
      "type": "u8",
      "offset": 11,
      "size": 1
    }]
  }, {
    "name": "Erd_ServiceDiagnosticsFaultSequenceEntry5",
    "id": "0xE120",
    "operations": ["read", "write"],
    "data": [{
      "name": "Erd_ServiceDiagnosticsFaultSequenceEntry5.cycleNumber",
      "type": "u32",
      "offset": 0,
      "size": 4
    }, {
      "name": "Erd_ServiceDiagnosticsFaultSequenceEntry5.timeStamp",
      "type": "u32",
      "offset": 4,
      "size": 4
    }, {
      "name": "Erd_ServiceDiagnosticsFaultSequenceEntry5.faultCode",
      "type": "u16",
      "offset": 8,
      "size": 2
    }, {
      "name": "Erd_ServiceDiagnosticsFaultSequenceEntry5.faultIsActive",
      "type": "bool",
      "offset": 10,
      "size": 1
    }, {
      "name": "Erd_ServiceDiagnosticsFaultSequenceEntry5.reserved1",
      "type": "u8",
      "offset": 11,
      "size": 1
    }]
  }, {
    "name": "Erd_ServiceDiagnosticsFaultSequenceEntry6",
    "id": "0xE121",
    "operations": ["read", "write"],
    "data": [{
      "name": "Erd_ServiceDiagnosticsFaultSequenceEntry6.cycleNumber",
      "type": "u32",
      "offset": 0,
      "size": 4
    }, {
      "name": "Erd_ServiceDiagnosticsFaultSequenceEntry6.timeStamp",
      "type": "u32",
      "offset": 4,
      "size": 4
    }, {
      "name": "Erd_ServiceDiagnosticsFaultSequenceEntry6.faultCode",
      "type": "u16",
      "offset": 8,
      "size": 2
    }, {
      "name": "Erd_ServiceDiagnosticsFaultSequenceEntry6.faultIsActive",
      "type": "bool",
      "offset": 10,
      "size": 1
    }, {
      "name": "Erd_ServiceDiagnosticsFaultSequenceEntry6.reserved1",
      "type": "u8",
      "offset": 11,
      "size": 1
    }]
  }, {
    "name": "Erd_ServiceDiagnosticsFaultSequenceEntry7",
    "id": "0xE122",
    "operations": ["read", "write"],
    "data": [{
      "name": "Erd_ServiceDiagnosticsFaultSequenceEntry7.cycleNumber",
      "type": "u32",
      "offset": 0,
      "size": 4
    }, {
      "name": "Erd_ServiceDiagnosticsFaultSequenceEntry7.timeStamp",
      "type": "u32",
      "offset": 4,
      "size": 4
    }, {
      "name": "Erd_ServiceDiagnosticsFaultSequenceEntry7.faultCode",
      "type": "u16",
      "offset": 8,
      "size": 2
    }, {
      "name": "Erd_ServiceDiagnosticsFaultSequenceEntry7.faultIsActive",
      "type": "bool",
      "offset": 10,
      "size": 1
    }, {
      "name": "Erd_ServiceDiagnosticsFaultSequenceEntry7.reserved1",
      "type": "u8",
      "offset": 11,
      "size": 1
    }]
  }, {
    "name": "Erd_ServiceDiagnosticsCycleHistorySequenceStatus",
    "id": "0xE123",
    "operations": ["read", "write"],
    "data": [{
      "name": "Erd_ServiceDiagnosticsCycleHistorySequenceStatus.currentIndex",
      "type": "u16",
      "offset": 0,
      "size": 2
    }, {
      "name": "Erd_ServiceDiagnosticsCycleHistorySequenceStatus.count",
      "type": "u16",
      "offset": 2,
      "size": 2
    }, {
      "name": "Erd_ServiceDiagnosticsCycleHistorySequenceStatus.overwriteCount",
      "type": "u16",
      "offset": 4,
      "size": 2
    }, {
      "name": "Erd_ServiceDiagnosticsCycleHistorySequenceStatus.reserved",
      "type": "u16",
      "offset": 6,
      "size": 2
    }]
  }, {
    "name": "Erd_ServiceDiagnosticsCycleHistorySequenceClear",
    "id": "0xE124",
    "operations": ["read", "write"],
    "data": [{
      "name": "Erd_ServiceDiagnosticsCycleHistorySequenceClear",
      "type": "bool",
      "offset": 0,
      "size": 1
    }]
  }, {
    "name": "Erd_DiagnosticsCycleHistoryRecord0",
    "id": "0xE125",
    "operations": ["read", "write"],
    "data": [{
      "name": "Erd_DiagnosticsCycleHistoryRecord0.someData",
      "type": "u32",
      "offset": 0,
      "size": 4
    }]
  }, {
    "name": "Erd_DiagnosticsCycleHistoryRecord1",
    "id": "0xE126",
    "operations": ["read", "write"],
    "data": [{
      "name": "Erd_DiagnosticsCycleHistoryRecord1.someData",
      "type": "u32",
      "offset": 0,
      "size": 4
    }]
  }, {
    "name": "Erd_DiagnosticsCycleHistoryRecord2",
    "id": "0xE127",
    "operations": ["read", "write"],
    "data": [{
      "name": "Erd_DiagnosticsCycleHistoryRecord2.someData",
      "type": "u32",
      "offset": 0,
      "size": 4
    }]
  }, {
    "name": "Erd_DiagnosticsCycleHistoryRecord3",
    "id": "0xE128",
    "operations": ["read", "write"],
    "data": [{
      "name": "Erd_DiagnosticsCycleHistoryRecord3.someData",
      "type": "u32",
      "offset": 0,
      "size": 4
    }]
  }, {
    "name": "Erd_DiagnosticsCycleHistoryRecord4",
    "id": "0xE129",
    "operations": ["read", "write"],
    "data": [{
      "name": "Erd_DiagnosticsCycleHistoryRecord4.someData",
      "type": "u32",
      "offset": 0,
      "size": 4
    }]
  }, {
    "name": "Erd_DiagnosticsCycleHistoryRecord5",
    "id": "0xE12A",
    "operations": ["read", "write"],
    "data": [{
      "name": "Erd_DiagnosticsCycleHistoryRecord5.someData",
      "type": "u32",
      "offset": 0,
      "size": 4
    }]
  }, {
    "name": "Erd_DiagnosticsCycleHistoryRecord6",
    "id": "0xE12B",
    "operations": ["read", "write"],
    "data": [{
      "name": "Erd_DiagnosticsCycleHistoryRecord6.someData",
      "type": "u32",
      "offset": 0,
      "size": 4
    }]
  }, {
    "name": "Erd_DiagnosticsCycleHistoryRecord7",
    "id": "0xE12C",
    "operations": ["read", "write"],
    "data": [{
      "name": "Erd_DiagnosticsCycleHistoryRecord7.someData",
      "type": "u32",
      "offset": 0,
      "size": 4
    }]
  }, {
    "name": "Erd_DiagnosticsCycleHistoryRecord8",
    "id": "0xE12D",
    "operations": ["read", "write"],
    "data": [{
      "name": "Erd_DiagnosticsCycleHistoryRecord8.someData",
      "type": "u32",
      "offset": 0,
      "size": 4
    }]
  }, {
    "name": "Erd_DiagnosticsCycleHistoryRecord9",
    "id": "0xE12E",
    "operations": ["read", "write"],
    "data": [{
      "name": "Erd_DiagnosticsCycleHistoryRecord9.someData",
      "type": "u32",
      "offset": 0,
      "size": 4
    }]
  }, {
    "name": "Erd_ServiceDiagnosticsCycleHistoryAddEntry",
    "id": "0xE12F",
    "operations": ["read", "write"],
    "data": [{
      "name": "Erd_ServiceDiagnosticsCycleHistoryAddEntry.someData",
      "type": "u32",
      "offset": 0,
      "size": 4
    }]
  }, {
    "name": "Erd_OldApplicationVersion",
    "id": "0xF000",
    "operations": ["read", "write"],
    "data": [{
      "name": "Erd_OldApplicationVersion.criticalMajor",
      "type": "u8",
      "offset": 0,
      "size": 1
    }, {
      "name": "Erd_OldApplicationVersion.criticalMinor",
      "type": "u8",
      "offset": 1,
      "size": 1
    }, {
      "name": "Erd_OldApplicationVersion.major",
      "type": "u8",
      "offset": 2,
      "size": 1
    }, {
      "name": "Erd_OldApplicationVersion.minor",
      "type": "u8",
      "offset": 3,
      "size": 1
    }]
  }, {
    "name": "Erd_TimerModuleDiagnosticsEnable",
    "id": "0xF001",
    "operations": ["read", "write"],
    "data": [{
      "name": "Erd_TimerModuleDiagnosticsEnable",
      "type": "bool",
      "offset": 0,
      "size": 1
    }]
  }, {
    "name": "Erd_TimerModuleDiagnosticsResult",
    "id": "0xF002",
    "operations": ["read", "write"],
    "data": [{
      "name": "Erd_TimerModuleDiagnosticsResult.maximumLatency",
      "type": "u32",
      "offset": 0,
      "size": 4
    }, {
      "name": "Erd_TimerModuleDiagnosticsResult.averageLatency",
      "type": "u32",
      "offset": 4,
      "size": 4
    }]
  }, {
    "name": "Erd_ResetSignal",
    "id": "0xF003",
    "operations": ["read", "write"],
    "data": [{
      "name": "Erd_ResetSignal",
      "type": "u8",
      "offset": 0,
      "size": 1
    }]
  }, {
    "name": "Erd_SomeData",
    "id": "0xF004",
    "operations": ["read", "write"],
    "data": [{
      "name": "Erd_SomeData",
      "type": "u32",
      "offset": 0,
      "size": 4
    }]
  }, {
    "name": "Erd_ApplianceRunTimeInMinutesUpdatedHourly",
    "id": "0xF005",
    "operations": ["read", "write"],
    "data": [{
      "name": "Erd_ApplianceRunTimeInMinutesUpdatedHourly",
      "type": "u32",
      "offset": 0,
      "size": 4
    }]
  }, {
    "name": "Erd_StackPercentFree",
    "id": "0xF006",
    "operations": ["read", "write"],
    "data": [{
      "name": "Erd_StackPercentFree",
      "type": "u8",
      "offset": 0,
      "size": 1
    }]
  }, {
    "name": "Erd_KeyErdStream",
    "id": "0xF007",
    "operations": ["read", "write"],
    "data": [{
      "name": "Erd_KeyErdStream.header.sequenceNumber",
      "type": "u8",
      "offset": 0,
      "size": 1
    }, {
      "name": "Erd_KeyErdStream.header.maxNumberOfEntriesInBuffer",
      "type": "u8",
      "offset": 1,
      "size": 1
    }, {
      "name": "Erd_KeyErdStream.header.numberOfBytesInLargestErdInBuffer",
      "type": "u8",
      "offset": 2,
      "size": 1
    }, {
      "name": "Erd_KeyErdStream.header.actualState",
      "type": "enum",
      "values": {
        "0": "ErdStreamState_Unknown",
        "1": "ErdStreamState_Ready",
        "2": "ErdStreamState_Starting",
        "3": "ErdStreamState_Running"
      },
      "offset": 3,
      "size": 1
    }, {
      "name": "Erd_KeyErdStream.streamEntries[0]",
      "type": "u8",
      "offset": 4,
      "size": 1
    }, {
      "name": "Erd_KeyErdStream.streamEntries[1]",
      "type": "u8",
      "offset": 5,
      "size": 1
    }, {
      "name": "Erd_KeyErdStream.streamEntries[2]",
      "type": "u8",
      "offset": 6,
      "size": 1
    }, {
      "name": "Erd_KeyErdStream.streamEntries[3]",
      "type": "u8",
      "offset": 7,
      "size": 1
    }, {
      "name": "Erd_KeyErdStream.streamEntries[4]",
      "type": "u8",
      "offset": 8,
      "size": 1
    }]
  }, {
    "name": "Erd_KeyStreamSequenceNumber",
    "id": "0xF008",
    "operations": ["read", "write"],
    "data": [{
      "name": "Erd_KeyStreamSequenceNumber",
      "type": "u8",
      "offset": 0,
      "size": 1
    }]
  }, {
    "name": "Erd_KeyStreamMissedEventSignal",
    "id": "0xF009",
    "operations": ["read", "write"],
    "data": [{
      "name": "Erd_KeyStreamMissedEventSignal",
      "type": "u8",
      "offset": 0,
      "size": 1
    }]
  }, {
    "name": "Erd_KeyStreamSenderResetSignal",
    "id": "0xF00A",
    "operations": ["read", "write"],
    "data": [{
      "name": "Erd_KeyStreamSenderResetSignal",
      "type": "u8",
      "offset": 0,
      "size": 1
    }]
  }, {
    "name": "Erd_KeyStreamSenderStateRequest",
    "id": "0xF00B",
    "operations": ["read", "write"],
    "data": [{
      "name": "Erd_KeyStreamSenderStateRequest",
      "type": "enum",
      "values": {
        "0": "ErdStreamStateRequest_NoRequest",
        "1": "ErdStreamStateRequest_Start",
        "2": "ErdStreamStateRequest_Run"
      },
      "offset": 0,
      "size": 1
    }]
  }, {
    "name": "Erd_HeartbeatTick",
    "id": "0xF00C",
    "operations": ["read", "write"],
    "data": [{
      "name": "Erd_HeartbeatTick",
      "type": "u8",
      "offset": 0,
      "size": 1
    }]
  }, {
    "name": "Erd_RemoteKeyState",
    "id": "0xF00D",
    "operations": ["read", "write"],
    "data": [{
      "name": "Erd_RemoteKeyState",
      "type": "bool",
      "offset": 0,
      "size": 1
    }]
  }, {
    "name": "Erd_NonVolatileDataSourceCacheSyncState",
    "id": "0xF012",
    "operations": ["read", "write"],
    "data": [{
      "name": "Erd_NonVolatileDataSourceCacheSyncState",
      "type": "bool",
      "offset": 0,
      "size": 1
    }]
  }, {
    "name": "Erd_LedBitmap",
    "id": "0xF013",
    "operations": ["read", "write"],
    "data": [{
      "name": "Erd_LedBitmap.bitmap[0]",
      "type": "u8",
      "offset": 0,
      "size": 1
    }]
  }, {
    "name": "Erd_SystemLedGroupSelector",
    "id": "0xF014",
    "operations": ["read", "write"],
    "data": [{
      "name": "Erd_SystemLedGroupSelector",
      "type": "enum",
      "values": {
        "0": "SystemLedGroupSelector_Normal",
        "1": "SystemLedGroupSelector_Override"
      },
      "offset": 0,
      "size": 1
    }]
  }, {
    "name": "Erd_PlayTune",
    "id": "0xF017",
    "operations": ["read", "write"],
    "data": [{
      "name": "Erd_PlayTune.index",
      "type": "u16",
      "offset": 0,
      "size": 2
    }, {
      "name": "Erd_PlayTune.sequence",
      "type": "u8",
      "offset": 2,
      "size": 1
    }, {
      "name": "Erd_PlayTune.volume",
      "type": "u8",
      "offset": 3,
      "size": 1
    }]
  }, {
    "name": "Erd_VolumeLevel",
    "id": "0xF018",
    "operations": ["read", "write"],
    "data": [{
      "name": "Erd_VolumeLevel",
      "type": "enum",
      "values": {
        "0": "VolumeLevel_Off",
        "1": "VolumeLevel_Low",
        "2": "VolumeLevel_High",
        "3": "VolumeLevel_Invalid"
      },
      "offset": 0,
      "size": 1
    }]
  }, {
    "name": "Erd_GeneralVolumeDivider",
    "id": "0xF019",
    "operations": ["read", "write"],
    "data": [{
      "name": "Erd_GeneralVolumeDivider",
      "type": "u8",
      "offset": 0,
      "size": 1
    }]
  }, {
    "name": "Erd_AlertVolumeDivider",
    "id": "0xF01A",
    "operations": ["read", "write"],
    "data": [{
      "name": "Erd_AlertVolumeDivider",
      "type": "u8",
      "offset": 0,
      "size": 1
    }]
  }, {
    "name": "Erd_I2cErrorsSincePowerOn",
    "id": "0xF01B",
    "operations": ["read", "write"],
    "data": [{
      "name": "Erd_I2cErrorsSincePowerOn",
      "type": "u8",
      "offset": 0,
      "size": 1
    }]
  }, {
    "name": "Erd_I2cResetsSincePowerOn",
    "id": "0xF01C",
    "operations": ["read", "write"],
    "data": [{
      "name": "Erd_I2cResetsSincePowerOn",
      "type": "u8",
      "offset": 0,
      "size": 1
    }]
  }, {
    "name": "Erd_TemperatureAndRhSensor_RawAdcData",
    "id": "0xF01D",
    "operations": ["read", "write"],
    "data": [{
      "name": "Erd_TemperatureAndRhSensor_RawAdcData.temperatureRawAdcValue",
      "type": "u16",
      "offset": 0,
      "size": 2
    }, {
      "name": "Erd_TemperatureAndRhSensor_RawAdcData.relativeHumidityRawAdcValue",
      "type": "u16",
      "offset": 2,
      "size": 2
    }, {
      "name": "Erd_TemperatureAndRhSensor_RawAdcData.readCount",
      "type": "u16",
      "offset": 4,
      "size": 2
    }]
  }, {
    "name": "Erd_TemperatureAndRhSensor_TestOverride",
    "id": "0xF01E",
    "operations": ["read", "write"],
    "data": [{
      "name": "Erd_TemperatureAndRhSensor_TestOverride",
      "type": "bool",
      "offset": 0,
      "size": 1
    }]
  }, {
    "name": "Erd_RecessLightState",
    "id": "0xF01F",
    "operations": ["read", "write"],
    "data": [{
      "name": "Erd_RecessLightState",
      "type": "bool",
      "offset": 0,
      "size": 1
    }]
  }, {
    "name": "Erd_RecessLightDutyCycle",
    "id": "0xF020",
    "operations": ["read", "write"],
    "data": [{
      "name": "Erd_RecessLightDutyCycle",
      "type": "u32",
      "offset": 0,
      "size": 4
    }]
  }, {
    "name": "Erd_DuctDoorMotorDutyCycle",
    "id": "0xF021",
    "operations": ["read", "write"],
    "data": [{
      "name": "Erd_DuctDoorMotorDutyCycle",
      "type": "u32",
      "offset": 0,
      "size": 4
    }]
  }, {
    "name": "Erd_RecessHeaterDutyCycle",
    "id": "0xF022",
    "operations": ["read", "write"],
    "data": [{
      "name": "Erd_RecessHeaterDutyCycle",
      "type": "u32",
      "offset": 0,
      "size": 4
    }]
  }, {
    "name": "Erd_EnableLoadsActivation",
    "id": "0xF023",
    "operations": ["read", "write"],
    "data": [{
      "name": "Erd_EnableLoadsActivation",
      "type": "bool",
      "offset": 0,
      "size": 1
    }]
  }, {
    "name": "Erd_RecessLightResolvedState",
    "id": "0xF024",
    "operations": ["read", "write"],
    "data": [{
      "name": "Erd_RecessLightResolvedState",
      "type": "enum",
      "values": {
        "0": "RecessLightState_Off",
        "1": "RecessLightState_Dim",
        "2": "RecessLightState_Bright",
        "3": "RecessLightState_Max"
      },
      "offset": 0,
      "size": 1
    }]
  }, {
    "name": "Erd_DuctDoorStateRequest",
    "id": "0xF025",
    "operations": ["read", "write"],
    "data": [{
      "name": "Erd_DuctDoorStateRequest",
      "type": "enum",
      "values": {
        "0": "DuctDoorState_Closed",
        "1": "DuctDoorState_Open",
        "2": "DuctDoorState_ReleaseVacuumPressure"
      },
      "offset": 0,
      "size": 1
    }]
  }, {
    "name": "Erd_DuctDoorProfilePlayerIsRunning",
    "id": "0xF026",
    "operations": ["read", "write"],
    "data": [{
      "name": "Erd_DuctDoorProfilePlayerIsRunning",
      "type": "bool",
      "offset": 0,
      "size": 1
    }]
  }, {
    "name": "Erd_DuctDoorDutyCycleProfilePlayerData",
    "id": "0xF027",
    "operations": ["read", "write"],
    "data": [{
      "name": "Erd_DuctDoorDutyCycleProfilePlayerData.startDutyCycle",
      "type": "u32",
      "offset": 0,
      "size": 4
    }, {
      "name": "Erd_DuctDoorDutyCycleProfilePlayerData.minDutyCycleUpdateTime",
      "type": "u32",
      "offset": 4,
      "size": 4
    }, {
      "name": "Erd_DuctDoorDutyCycleProfilePlayerData.steps",
      "type": "u32",
      "offset": 8,
      "size": 4
    }, {
      "name": "Erd_DuctDoorDutyCycleProfilePlayerData.numberOfSteps",
      "type": "u16",
      "offset": 12,
      "size": 2
    }, {
      "name": "Erd_DuctDoorDutyCycleProfilePlayerData.signal",
      "type": "u8",
      "offset": 14,
      "size": 1
    }, {
      "name": "padding6",
      "type": "padding",
      "offset": 15,
      "size": 1
    }]
  }, {
    "name": "Erd_ConvertedTemperatureValueX100",
    "id": "0xF028",
    "operations": ["read", "write"],
    "data": [{
      "name": "Erd_ConvertedTemperatureValueX100",
      "type": "i16",
      "offset": 0,
      "size": 2
    }]
  }, {
    "name": "Erd_BufferedTemperatureValueX100",
    "id": "0xF029",
    "operations": ["read", "write"],
    "data": [{
      "name": "Erd_BufferedTemperatureValueX100",
      "type": "i16",
      "offset": 0,
      "size": 2
    }]
  }, {
    "name": "Erd_ConvertedHumidityValueX100",
    "id": "0xF02A",
    "operations": ["read", "write"],
    "data": [{
      "name": "Erd_ConvertedHumidityValueX100",
      "type": "u16",
      "offset": 0,
      "size": 2
    }]
  }, {
    "name": "Erd_FilteredHumidityValueX100",
    "id": "0xF02B",
    "operations": ["read", "write"],
    "data": [{
      "name": "Erd_FilteredHumidityValueX100",
      "type": "u16",
      "offset": 0,
      "size": 2
    }]
  }, {
    "name": "Erd_RecessHeaterDutyCycleRequest",
    "id": "0xF02C",
    "operations": ["read", "write"],
    "data": [{
      "name": "Erd_RecessHeaterDutyCycleRequest",
      "type": "u8",
      "offset": 0,
      "size": 1
    }]
  }, {
    "name": "Erd_AmbientThermistorIsValid",
    "id": "0xF02D",
    "operations": ["read", "write"],
    "data": [{
      "name": "Erd_AmbientThermistorIsValid",
      "type": "bool",
      "offset": 0,
      "size": 1
    }]
  }, {
    "name": "Erd_AmbientHumiditySensorIsValid",
    "id": "0xF02E",
    "operations": ["read", "write"],
    "data": [{
      "name": "Erd_AmbientHumiditySensorIsValid",
      "type": "bool",
      "offset": 0,
      "size": 1
    }]
  }, {
    "name": "Erd_SystemTickInterrupt",
    "id": "0xF100",
    "operations": ["read", "write"],
    "data": [{
      "name": "Erd_SystemTickInterrupt",
      "type": "u32",
      "offset": 0,
      "size": 4
    }]
  }, {
    "name": "Erd_TimeSource",
    "id": "0xF101",
    "operations": ["read", "write"],
    "data": [{
      "name": "Erd_TimeSource",
      "type": "u32",
      "offset": 0,
      "size": 4
    }]
  }, {
    "name": "Erd_TimerModule",
    "id": "0xF102",
    "operations": ["read", "write"],
    "data": [{
      "name": "Erd_TimerModule",
      "type": "u32",
      "offset": 0,
      "size": 4
    }]
  }, {
    "name": "Erd_InternalBufferedUart",
    "id": "0xF103",
    "operations": ["read", "write"],
    "data": [{
      "name": "Erd_InternalBufferedUart",
      "type": "u32",
      "offset": 0,
      "size": 4
    }]
  }, {
    "name": "Erd_ExternalBufferedUart",
    "id": "0xF104",
    "operations": ["read", "write"],
    "data": [{
      "name": "Erd_ExternalBufferedUart",
      "type": "u32",
      "offset": 0,
      "size": 4
    }]
  }, {
    "name": "Erd_CrcCalcTable",
    "id": "0xF105",
    "operations": ["read", "write"],
    "data": [{
      "name": "Erd_CrcCalcTable",
      "type": "u32",
      "offset": 0,
      "size": 4
    }]
  }, {
    "name": "Erd_Gea2MessageEndpoint",
    "id": "0xF106",
    "operations": ["read", "write"],
    "data": [{
      "name": "Erd_Gea2MessageEndpoint",
      "type": "u32",
      "offset": 0,
      "size": 4
    }]
  }, {
    "name": "Erd_JumpToBootLoaderAction",
    "id": "0xF107",
    "operations": ["read", "write"],
    "data": [{
      "name": "Erd_JumpToBootLoaderAction",
      "type": "u32",
      "offset": 0,
      "size": 4
    }]
  }, {
    "name": "Erd_SystemResetAction",
    "id": "0xF108",
    "operations": ["read", "write"],
    "data": [{
      "name": "Erd_SystemResetAction",
      "type": "u32",
      "offset": 0,
      "size": 4
    }]
  }, {
    "name": "Erd_ExternalDataSource",
    "id": "0xF109",
    "operations": ["read", "write"],
    "data": [{
      "name": "Erd_ExternalDataSource",
      "type": "u32",
      "offset": 0,
      "size": 4
    }]
  }, {
    "name": "Erd_FaultCodeTableInputGroup",
    "id": "0xF10A",
    "operations": ["read", "write"],
    "data": [{
      "name": "Erd_FaultCodeTableInputGroup",
      "type": "u32",
      "offset": 0,
      "size": 4
    }]
  }, {
    "name": "Erd_ContextProtector",
    "id": "0xF10B",
    "operations": ["read", "write"],
    "data": [{
      "name": "Erd_ContextProtector",
      "type": "u32",
      "offset": 0,
      "size": 4
    }]
  }, {
    "name": "Erd_HardwareLedDigitalOutputGroup",
    "id": "0xF10C",
    "operations": ["read", "write"],
    "data": [{
      "name": "Erd_HardwareLedDigitalOutputGroup",
      "type": "u32",
      "offset": 0,
      "size": 4
    }]
  }, {
    "name": "Erd_HardwareLedDigitalOutputGroupOverride",
    "id": "0xF10D",
    "operations": ["read", "write"],
    "data": [{
      "name": "Erd_HardwareLedDigitalOutputGroupOverride",
      "type": "u32",
      "offset": 0,
      "size": 4
    }]
  }, {
    "name": "Erd_SoftKeyEventSource",
    "id": "0xF10E",
    "operations": ["read", "write"],
    "data": [{
      "name": "Erd_SoftKeyEventSource",
      "type": "u32",
      "offset": 0,
      "size": 4
    }]
  }, {
    "name": "Erd_TunePlayer",
    "id": "0xF10F",
    "operations": ["read", "write"],
    "data": [{
      "name": "Erd_TunePlayer",
      "type": "u32",
      "offset": 0,
      "size": 4
    }]
  }, {
    "name": "Erd_HeartbeatLed",
    "id": "0xF200",
    "operations": ["read", "write"],
    "data": [{
      "name": "Erd_HeartbeatLed",
      "type": "bool",
      "offset": 0,
      "size": 1
    }]
  }, {
    "name": "Erd_MotorFault",
    "id": "0xF201",
    "operations": ["read", "write"],
    "data": [{
      "name": "Erd_MotorFault",
      "type": "bool",
      "offset": 0,
      "size": 1
    }]
  }, {
    "name": "Erd_PersonalityInput",
    "id": "0xF202",
    "operations": ["read", "write"],
    "data": [{
      "name": "Erd_PersonalityInput",
      "type": "u16",
      "offset": 0,
      "size": 2
    }]
  }, {
    "name": "Erd_BuzzerTestRequest",
    "id": "0xF250",
    "operations": ["read", "write"],
    "data": [{
      "name": "Erd_BuzzerTestRequest.enable",
      "type": "bool",
      "offset": 0,
      "size": 1
    }, {
      "name": "Erd_BuzzerTestRequest.volume",
      "type": "u8",
      "offset": 1,
      "size": 1
    }, {
      "name": "Erd_BuzzerTestRequest.frequency",
      "type": "u16",
      "offset": 2,
      "size": 2
    }]
  }, {
    "name": "Erd_KeyStatusWord",
    "id": "0xF400",
    "operations": ["read", "write"],
    "data": [{
      "name": "Erd_KeyStatusWord",
      "type": "u64",
      "offset": 0,
      "size": 8
    }]
  }, {
    "name": "Erd_HardwareKeyStatusWord",
    "id": "0xF401",
    "operations": ["read", "write"],
    "data": [{
      "name": "Erd_HardwareKeyStatusWord",
      "type": "u64",
      "offset": 0,
      "size": 8
    }]
  }, {
    "name": "Erd_AutomationKeyStatusWord",
    "id": "0xF402",
    "operations": ["read", "write"],
    "data": [{
      "name": "Erd_AutomationKeyStatusWord",
      "type": "u64",
      "offset": 0,
      "size": 8
    }]
  }, {
    "name": "Erd_KeyStatusWordSourceSelector",
    "id": "0xF403",
    "operations": ["read", "write"],
    "data": [{
      "name": "Erd_KeyStatusWordSourceSelector",
      "type": "u8",
      "offset": 0,
      "size": 1
    }]
  }, {
    "name": "Erd_SoftKeyEvent",
    "id": "0xF404",
    "operations": ["read", "write"],
    "data": [{
      "name": "Erd_SoftKeyEvent.keyId",
      "type": "u8",
      "offset": 0,
      "size": 1
    }, {
      "name": "Erd_SoftKeyEvent.keyAction",
      "type": "enum",
      "values": {
        "0": "SoftKeyAction_Release",
        "1": "SoftKeyAction_Press",
        "2": "SoftKeyAction_Invalid"
      },
      "offset": 1,
      "size": 1
    }, {
      "name": "Erd_SoftKeyEvent.signal",
      "type": "u8",
      "offset": 2,
      "size": 1
    }]
  }, {
    "name": "Erd_CupSwitchEvent",
    "id": "0xF405",
    "operations": ["read", "write"],
    "data": [{
      "name": "Erd_CupSwitchEvent.keyId",
      "type": "u8",
      "offset": 0,
      "size": 1
    }, {
      "name": "Erd_CupSwitchEvent.keyAction",
      "type": "enum",
      "values": {
        "0": "SoftKeyAction_Release",
        "1": "SoftKeyAction_Press",
        "2": "SoftKeyAction_Invalid"
      },
      "offset": 1,
      "size": 1
    }, {
      "name": "Erd_CupSwitchEvent.signal",
      "type": "u8",
      "offset": 2,
      "size": 1
    }]
  }, {
    "name": "Erd_MainBoardSignOfLife",
    "id": "0xF406",
    "operations": ["read", "write"],
    "data": [{
      "name": "Erd_MainBoardSignOfLife",
      "type": "u8",
      "offset": 0,
      "size": 1
    }]
  }, {
    "name": "Erd_DispenseControllerHsmState",
    "id": "0xF407",
    "operations": ["read", "write"],
    "data": [{
      "name": "Erd_DispenseControllerHsmState",
      "type": "enum",
      "values": {
        "0": "DispenseControllerState_WaitForInit",
        "1": "DispenseControllerState_NormalModeIdle",
        "2": "DispenseControllerState_Water",
        "3": "DispenseControllerState_IceCubed",
        "4": "DispenseControllerState_IceCrushed",
        "5": "DispenseControllerState_PrepareToDispense",
        "6": "DispenseControllerState_Dispensing",
        "7": "DispenseControllerState_Max"
      },
      "offset": 0,
      "size": 1
    }]
  }, {
    "name": "Erd_DispenseSelectionRequest",
    "id": "0xF408",
    "operations": ["read", "write"],
    "data": [{
      "name": "Erd_DispenseSelectionRequest",
      "type": "enum",
      "values": {
        "0": "DispenseSelection_Water",
        "1": "DispenseSelection_CrushedIce",
        "2": "DispenseSelection_CubedIce",
        "255": "DispenseSelection_DontCare"
      },
      "offset": 0,
      "size": 1
    }]
  }, {
    "name": "Erd_DispenseSelectionStatus",
    "id": "0xF409",
    "operations": ["read", "write"],
    "data": [{
      "name": "Erd_DispenseSelectionStatus",
      "type": "enum",
      "values": {
        "0": "DispenseSelection_Water",
        "1": "DispenseSelection_CrushedIce",
        "2": "DispenseSelection_CubedIce",
        "255": "DispenseSelection_DontCare"
      },
      "offset": 0,
      "size": 1
    }]
  }, {
    "name": "Erd_ConsumerDispensingRequest",
    "id": "0xF40A",
    "operations": ["read", "write"],
    "data": [{
      "name": "Erd_ConsumerDispensingRequest.action",
      "type": "enum",
      "values": {
        "0": "DispenseAction_Stop",
        "1": "DispenseAction_Start",
        "2": "DispenseAction_Continue",
        "3": "DispenseAction_Max"
      },
      "offset": 0,
      "size": 1
    }, {
      "name": "Erd_ConsumerDispensingRequest.selection",
      "type": "enum",
      "values": {
        "0": "DispenseSelection_Water",
        "1": "DispenseSelection_CrushedIce",
        "2": "DispenseSelection_CubedIce",
        "255": "DispenseSelection_DontCare"
      },
      "offset": 1,
      "size": 1
    }, {
      "name": "Erd_ConsumerDispensingRequest.specialOptions",
      "type": "enum",
      "values": {
        "0": "DispensingSpecialOptions_None",
        "1": "DispensingSpecialOptions_SwitchPressedOnSecondaryBoardRequired"
      },
      "offset": 2,
      "size": 1
    }, {
      "name": "Erd_ConsumerDispensingRequest.dispenseStatus",
      "type": "enum",
      "values": {
        "0": "DispenseStatus_Completed",
        "1": "DispenseStatus_Dispensing",
        "2": "DispenseStatus_SensorError",
        "3": "DispenseStatus_DisabledOrBlocked",
        "4": "DispenseStatus_MaxVolumeReached",
        "5": "DispenseStatus_MaxTimeReached",
        "6": "DispenseStatus_DispenseRequestTimeout",
        "7": "DispenseStatus_PreciseFillAmountReached",
        "8": "DispenseStatus_InvalidRequest",
        "9": "DispenseStatus_DispenseInhibitedDueToDoorOpen",
        "10": "DispenseStatus_DispenseInhibitedBecauseRedundantCupSwitchPressIsRequired",
        "11": "DispenseStatus_DispenseInhibitedDueToRfidErrorOrLeak",
        "12": "DispenseStatus_Max"
      },
      "offset": 3,
      "size": 1
    }, {
      "name": "Erd_ConsumerDispensingRequest.preciseFillOuncesX100",
      "type": "u16",
      "offset": 4,
      "size": 2
    }]
  }, {
    "name": "Erd_ConsumerDispensingRequestStatus",
    "id": "0xF40B",
    "operations": ["read", "write"],
    "data": [{
      "name": "Erd_ConsumerDispensingRequestStatus.action",
      "type": "enum",
      "values": {
        "0": "DispenseAction_Stop",
        "1": "DispenseAction_Start",
        "2": "DispenseAction_Continue",
        "3": "DispenseAction_Max"
      },
      "offset": 0,
      "size": 1
    }, {
      "name": "Erd_ConsumerDispensingRequestStatus.selection",
      "type": "enum",
      "values": {
        "0": "DispenseSelection_Water",
        "1": "DispenseSelection_CrushedIce",
        "2": "DispenseSelection_CubedIce",
        "255": "DispenseSelection_DontCare"
      },
      "offset": 1,
      "size": 1
    }, {
      "name": "Erd_ConsumerDispensingRequestStatus.specialOptions",
      "type": "enum",
      "values": {
        "0": "DispensingSpecialOptions_None",
        "1": "DispensingSpecialOptions_SwitchPressedOnSecondaryBoardRequired"
      },
      "offset": 2,
      "size": 1
    }, {
      "name": "Erd_ConsumerDispensingRequestStatus.dispenseStatus",
      "type": "enum",
      "values": {
        "0": "DispenseStatus_Completed",
        "1": "DispenseStatus_Dispensing",
        "2": "DispenseStatus_SensorError",
        "3": "DispenseStatus_DisabledOrBlocked",
        "4": "DispenseStatus_MaxVolumeReached",
        "5": "DispenseStatus_MaxTimeReached",
        "6": "DispenseStatus_DispenseRequestTimeout",
        "7": "DispenseStatus_PreciseFillAmountReached",
        "8": "DispenseStatus_InvalidRequest",
        "9": "DispenseStatus_DispenseInhibitedDueToDoorOpen",
        "10": "DispenseStatus_DispenseInhibitedBecauseRedundantCupSwitchPressIsRequired",
        "11": "DispenseStatus_DispenseInhibitedDueToRfidErrorOrLeak",
        "12": "DispenseStatus_Max"
      },
      "offset": 3,
      "size": 1
    }, {
      "name": "Erd_ConsumerDispensingRequestStatus.preciseFillOuncesX100",
      "type": "u16",
      "offset": 4,
      "size": 2
    }]
  }, {
    "name": "Erd_UiSignOfLife",
    "id": "0xF40C",
    "operations": ["read", "write"],
    "data": [{
      "name": "Erd_UiSignOfLife",
      "type": "u8",
      "offset": 0,
      "size": 1
    }]
  }, {
    "name": "Erd_CapTouchDebugRawCounts",
    "id": "0xF410",
    "operations": ["read", "write"],
    "data": [{
      "name": "Erd_CapTouchDebugRawCounts.keyAN100",
      "type": "u16",
      "offset": 0,
      "size": 2
    }, {
      "name": "Erd_CapTouchDebugRawCounts.keyAN101",
      "type": "u16",
      "offset": 2,
      "size": 2
    }, {
      "name": "Erd_CapTouchDebugRawCounts.keyAN102",
      "type": "u16",
      "offset": 4,
      "size": 2
    }, {
      "name": "Erd_CapTouchDebugRawCounts.keyAN103",
      "type": "u16",
      "offset": 6,
      "size": 2
    }]
  }, {
    "name": "Erd_CapTouchDebugCounts",
    "id": "0xF411",
    "operations": ["read", "write"],
    "data": [{
      "name": "Erd_CapTouchDebugCounts.keyAN100",
      "type": "u16",
      "offset": 0,
      "size": 2
    }, {
      "name": "Erd_CapTouchDebugCounts.keyAN101",
      "type": "u16",
      "offset": 2,
      "size": 2
    }, {
      "name": "Erd_CapTouchDebugCounts.keyAN102",
      "type": "u16",
      "offset": 4,
      "size": 2
    }, {
      "name": "Erd_CapTouchDebugCounts.keyAN103",
      "type": "u16",
      "offset": 6,
      "size": 2
    }]
  }, {
    "name": "Erd_CapTouchDebugDeltas",
    "id": "0xF412",
    "operations": ["read", "write"],
    "data": [{
      "name": "Erd_CapTouchDebugDeltas.keyAN100",
      "type": "u16",
      "offset": 0,
      "size": 2
    }, {
      "name": "Erd_CapTouchDebugDeltas.keyAN101",
      "type": "u16",
      "offset": 2,
      "size": 2
    }, {
      "name": "Erd_CapTouchDebugDeltas.keyAN102",
      "type": "u16",
      "offset": 4,
      "size": 2
    }, {
      "name": "Erd_CapTouchDebugDeltas.keyAN103",
      "type": "u16",
      "offset": 6,
      "size": 2
    }]
  }, {
    "name": "Erd_CapTouchDiagnosticsResult",
    "id": "0xF413",
    "operations": ["read", "write"],
    "data": [{
      "name": "Erd_CapTouchDiagnosticsResult.keyAN100",
      "type": "u8",
      "offset": 0,
      "size": 1
    }]
  }, {
    "name": "Erd_ServiceDiagnosticsFaultTableSnapshotData0",
    "id": "0xF500",
    "operations": ["read", "write"],
    "data": [{
      "name": "Erd_ServiceDiagnosticsFaultTableSnapshotData0.someData",
      "type": "u32",
      "offset": 0,
      "size": 4
    }]
  }, {
    "name": "Erd_ServiceDiagnosticsFaultTableSnapshotData1",
    "id": "0xF501",
    "operations": ["read", "write"],
    "data": [{
      "name": "Erd_ServiceDiagnosticsFaultTableSnapshotData1.someData",
      "type": "u32",
      "offset": 0,
      "size": 4
    }]
  }, {
    "name": "Erd_ServiceDiagnosticsFaultTableSnapshotData2",
    "id": "0xF502",
    "operations": ["read", "write"],
    "data": [{
      "name": "Erd_ServiceDiagnosticsFaultTableSnapshotData2.someData",
      "type": "u32",
      "offset": 0,
      "size": 4
    }]
  }, {
    "name": "Erd_ServiceDiagnosticsFaultTableSnapshotData3",
    "id": "0xF503",
    "operations": ["read", "write"],
    "data": [{
      "name": "Erd_ServiceDiagnosticsFaultTableSnapshotData3.someData",
      "type": "u32",
      "offset": 0,
      "size": 4
    }]
  }, {
    "name": "Erd_ServiceDiagnosticsFaultTableSnapshotData4",
    "id": "0xF504",
    "operations": ["read", "write"],
    "data": [{
      "name": "Erd_ServiceDiagnosticsFaultTableSnapshotData4.someData",
      "type": "u32",
      "offset": 0,
      "size": 4
    }]
  }, {
    "name": "Erd_ServiceDiagnosticsFaultTableSnapshotData5",
    "id": "0xF505",
    "operations": ["read", "write"],
    "data": [{
      "name": "Erd_ServiceDiagnosticsFaultTableSnapshotData5.someData",
      "type": "u32",
      "offset": 0,
      "size": 4
    }]
  }, {
    "name": "Erd_ServiceDiagnosticsFaultTableSnapshotData6",
    "id": "0xF506",
    "operations": ["read", "write"],
    "data": [{
      "name": "Erd_ServiceDiagnosticsFaultTableSnapshotData6.someData",
      "type": "u32",
      "offset": 0,
      "size": 4
    }]
  }, {
    "name": "Erd_ServiceDiagnosticsFaultTableSnapshotData7",
    "id": "0xF507",
    "operations": ["read", "write"],
    "data": [{
      "name": "Erd_ServiceDiagnosticsFaultTableSnapshotData7.someData",
      "type": "u32",
      "offset": 0,
      "size": 4
    }]
  }, {
    "name": "Erd_ServiceDiagnosticsFaultTableSnapshotData8",
    "id": "0xF508",
    "operations": ["read", "write"],
    "data": [{
      "name": "Erd_ServiceDiagnosticsFaultTableSnapshotData8.someData",
      "type": "u32",
      "offset": 0,
      "size": 4
    }]
  }, {
    "name": "Erd_ServiceDiagnosticsFaultTableSnapshotData9",
    "id": "0xF509",
    "operations": ["read", "write"],
    "data": [{
      "name": "Erd_ServiceDiagnosticsFaultTableSnapshotData9.someData",
      "type": "u32",
      "offset": 0,
      "size": 4
    }]
  }, {
    "name": "Erd_SomeFault",
    "id": "0xF600",
    "operations": ["read", "write"],
    "data": [{
      "name": "Erd_SomeFault",
      "type": "bool",
      "offset": 0,
      "size": 1
    }]
  }, {
    "name": "Erd_SomeOtherFault",
    "id": "0xF601",
    "operations": ["read", "write"],
    "data": [{
      "name": "Erd_SomeOtherFault",
      "type": "bool",
      "offset": 0,
      "size": 1
    }]
  }, {
    "name": "Erd_ExternalGea2InterfaceDiagnostics",
    "id": "0xF700",
    "operations": ["read", "write"],
    "data": [{
      "name": "Erd_ExternalGea2InterfaceDiagnostics.validPacketsReceived",
      "type": "u32",
      "offset": 0,
      "size": 4
    }, {
      "name": "Erd_ExternalGea2InterfaceDiagnostics.invalidLengthPacketsReceived",
      "type": "u32",
      "offset": 4,
      "size": 4
    }, {
      "name": "Erd_ExternalGea2InterfaceDiagnostics.invalidCrcPacketsReceived",
      "type": "u32",
      "offset": 8,
      "size": 4
    }, {
      "name": "Erd_ExternalGea2InterfaceDiagnostics.packetsInterruptedDuringReception",
      "type": "u32",
      "offset": 12,
      "size": 4
    }, {
      "name": "Erd_ExternalGea2InterfaceDiagnostics.bytesReceivedThatWereNotPartOfAPacket",
      "type": "u32",
      "offset": 16,
      "size": 4
    }, {
      "name": "Erd_ExternalGea2InterfaceDiagnostics.interByteTimeoutsDuringReception",
      "type": "u32",
      "offset": 20,
      "size": 4
    }, {
      "name": "Erd_ExternalGea2InterfaceDiagnostics.validPacketsSent",
      "type": "u32",
      "offset": 24,
      "size": 4
    }, {
      "name": "Erd_ExternalGea2InterfaceDiagnostics.retriesSent",
      "type": "u32",
      "offset": 28,
      "size": 4
    }, {
      "name": "Erd_ExternalGea2InterfaceDiagnostics.packetsNotAcked",
      "type": "u32",
      "offset": 32,
      "size": 4
    }, {
      "name": "Erd_ExternalGea2InterfaceDiagnostics.packetsNotSentBecauseRetriesExhausted",
      "type": "u32",
      "offset": 36,
      "size": 4
    }, {
      "name": "Erd_ExternalGea2InterfaceDiagnostics.packetsNotSentBecausePayloadWasTooLarge",
      "type": "u32",
      "offset": 40,
      "size": 4
    }, {
      "name": "Erd_ExternalGea2InterfaceDiagnostics.packetsNotSentBecauseQueueWasFull",
      "type": "u32",
      "offset": 44,
      "size": 4
    }, {
      "name": "Erd_ExternalGea2InterfaceDiagnostics.collisionsDetected",
      "type": "u32",
      "offset": 48,
      "size": 4
    }, {
      "name": "Erd_ExternalGea2InterfaceDiagnostics.serialErrors",
      "type": "u32",
      "offset": 52,
      "size": 4
    }]
  }, {
    "name": "Erd_InternalGea2InterfaceDiagnostics",
    "id": "0xF701",
    "operations": ["read", "write"],
    "data": [{
      "name": "Erd_InternalGea2InterfaceDiagnostics.validPacketsReceived",
      "type": "u32",
      "offset": 0,
      "size": 4
    }, {
      "name": "Erd_InternalGea2InterfaceDiagnostics.invalidLengthPacketsReceived",
      "type": "u32",
      "offset": 4,
      "size": 4
    }, {
      "name": "Erd_InternalGea2InterfaceDiagnostics.invalidCrcPacketsReceived",
      "type": "u32",
      "offset": 8,
      "size": 4
    }, {
      "name": "Erd_InternalGea2InterfaceDiagnostics.packetsInterruptedDuringReception",
      "type": "u32",
      "offset": 12,
      "size": 4
    }, {
      "name": "Erd_InternalGea2InterfaceDiagnostics.bytesReceivedThatWereNotPartOfAPacket",
      "type": "u32",
      "offset": 16,
      "size": 4
    }, {
      "name": "Erd_InternalGea2InterfaceDiagnostics.interByteTimeoutsDuringReception",
      "type": "u32",
      "offset": 20,
      "size": 4
    }, {
      "name": "Erd_InternalGea2InterfaceDiagnostics.validPacketsSent",
      "type": "u32",
      "offset": 24,
      "size": 4
    }, {
      "name": "Erd_InternalGea2InterfaceDiagnostics.retriesSent",
      "type": "u32",
      "offset": 28,
      "size": 4
    }, {
      "name": "Erd_InternalGea2InterfaceDiagnostics.packetsNotAcked",
      "type": "u32",
      "offset": 32,
      "size": 4
    }, {
      "name": "Erd_InternalGea2InterfaceDiagnostics.packetsNotSentBecauseRetriesExhausted",
      "type": "u32",
      "offset": 36,
      "size": 4
    }, {
      "name": "Erd_InternalGea2InterfaceDiagnostics.packetsNotSentBecausePayloadWasTooLarge",
      "type": "u32",
      "offset": 40,
      "size": 4
    }, {
      "name": "Erd_InternalGea2InterfaceDiagnostics.packetsNotSentBecauseQueueWasFull",
      "type": "u32",
      "offset": 44,
      "size": 4
    }, {
      "name": "Erd_InternalGea2InterfaceDiagnostics.collisionsDetected",
      "type": "u32",
      "offset": 48,
      "size": 4
    }, {
      "name": "Erd_InternalGea2InterfaceDiagnostics.serialErrors",
      "type": "u32",
      "offset": 52,
      "size": 4
    }]
  }, {
    "name": "Erd_SingleWireGea2InterfaceDiagnostics",
    "id": "0xF702",
    "operations": ["read", "write"],
    "data": [{
      "name": "Erd_SingleWireGea2InterfaceDiagnostics.validPacketsReceived",
      "type": "u32",
      "offset": 0,
      "size": 4
    }, {
      "name": "Erd_SingleWireGea2InterfaceDiagnostics.invalidLengthPacketsReceived",
      "type": "u32",
      "offset": 4,
      "size": 4
    }, {
      "name": "Erd_SingleWireGea2InterfaceDiagnostics.invalidCrcPacketsReceived",
      "type": "u32",
      "offset": 8,
      "size": 4
    }, {
      "name": "Erd_SingleWireGea2InterfaceDiagnostics.packetsInterruptedDuringReception",
      "type": "u32",
      "offset": 12,
      "size": 4
    }, {
      "name": "Erd_SingleWireGea2InterfaceDiagnostics.bytesReceivedThatWereNotPartOfAPacket",
      "type": "u32",
      "offset": 16,
      "size": 4
    }, {
      "name": "Erd_SingleWireGea2InterfaceDiagnostics.interByteTimeoutsDuringReception",
      "type": "u32",
      "offset": 20,
      "size": 4
    }, {
      "name": "Erd_SingleWireGea2InterfaceDiagnostics.validPacketsSent",
      "type": "u32",
      "offset": 24,
      "size": 4
    }, {
      "name": "Erd_SingleWireGea2InterfaceDiagnostics.retriesSent",
      "type": "u32",
      "offset": 28,
      "size": 4
    }, {
      "name": "Erd_SingleWireGea2InterfaceDiagnostics.packetsNotAcked",
      "type": "u32",
      "offset": 32,
      "size": 4
    }, {
      "name": "Erd_SingleWireGea2InterfaceDiagnostics.packetsNotSentBecauseRetriesExhausted",
      "type": "u32",
      "offset": 36,
      "size": 4
    }, {
      "name": "Erd_SingleWireGea2InterfaceDiagnostics.packetsNotSentBecausePayloadWasTooLarge",
      "type": "u32",
      "offset": 40,
      "size": 4
    }, {
      "name": "Erd_SingleWireGea2InterfaceDiagnostics.packetsNotSentBecauseQueueWasFull",
      "type": "u32",
      "offset": 44,
      "size": 4
    }, {
      "name": "Erd_SingleWireGea2InterfaceDiagnostics.collisionsDetected",
      "type": "u32",
      "offset": 48,
      "size": 4
    }, {
      "name": "Erd_SingleWireGea2InterfaceDiagnostics.serialErrors",
      "type": "u32",
      "offset": 52,
      "size": 4
    }]
  }, {
    "name": "Erd_ParametricPersonality",
    "id": "0xF811",
    "operations": ["read", "write"],
    "data": [{
      "name": "Erd_ParametricPersonality",
      "type": "u32",
      "offset": 0,
      "size": 4
    }]
  }, {
    "name": "Erd_NvReserved",
    "id": "0xFCFD",
    "operations": ["read", "write"],
    "data": [{
      "name": "Erd_NvReserved",
      "type": "u8",
      "offset": 0,
      "size": 1
    }]
  }, {
    "name": "Erd_NvMetadata",
    "id": "0xFCFE",
    "operations": ["read", "write"],
    "data": [{
      "name": "Erd_NvMetadata.blockSequenceId",
      "type": "u8",
      "offset": 0,
      "size": 1
    }, {
      "name": "Erd_NvMetadata.driverVersion",
      "type": "u8",
      "offset": 1,
      "size": 1
    }, {
      "name": "Erd_NvMetadata.clientVersion",
      "type": "u8",
      "offset": 2,
      "size": 1
    }, {
      "name": "Erd_NvMetadata.action",
      "type": "u8",
      "offset": 3,
      "size": 1
    }]
  }]
}
